opportunity_id,date,priority,product,audience_segment,signal_summary,source,source_url,score,broker_use_case,campaign_angle,outreach_hook,compliance_note,recommended_next_step
OPP-2026-07-15-001,2026-07-15,High,Metals / Energy CFD,"Gold, silver and oil CFD traders",Gold Price Forecast: XAU/USD remains a ‘sell-on-rise’ trade amid US-Iran hostilities - FXStreet,FXStreet,https://news.google.com/rss/articles/CBMixwFBVV95cUxNRWl2eVk3QmtvLVAtc2hsTWRTVGNnOEFQbDlNMVFIcmU3U1V1YmJocFZLQ0xpa3h2WEgzWVdHdUlWY1A1OTVsWTFSMmVJdGQ3VHptb0Jjb25nZG5WbUltYklVS3hKVXF0ZDU5SFVvbmJoTHVCNFNRYmVMYzBHSXczRnVQbjE1cnU2NVZheHJmVEcwTEFsb1E4VkFwVVZQamdmWVNaX3J1ZW1KUVNmanFQc19ycUx1TkJaR3p4OWtBOGxBaFVFcTUw?oc=5,90,Run a metals/energy CFD demo account or webinar campaign.,"Market volatility in gold, silver and crude oil is creating active trader attention.",Want today's active gold/oil trader topics and creator channels?,Public intent signal only. Not a personal contact record.,"Review source, identify author/company/channel, then enrich only through lawful public or vendor sources"
OPP-2026-07-15-002,2026-07-15,High,Metals / Energy CFD,"Gold, silver and oil CFD traders","Oil (USCrude) Price Forecast for Today, Tomorrow, Next Week, and Next 30 Days - LiteFinance",LiteFinance,https://news.google.com/rss/articles/CBMinwFBVV95cUxQcm51RHFTMGNQcnB2aFl5bjNQQzFXUVVHckh1eW1IVktpM0lfaXlCQ2p6RF9nYWxkajlxb2R2V0lkRi1FNnljalUwMlhaU2FFT2dCUDBwem9tVG14Y1FXZGVKbWJvSm0xNlVVZ1BwdTItWnJkOTF3TnFTU2FQLWZibmhXRXlnX2RJY25leTB2ekVVUHZMZS1zbjBhWkNJLWs?oc=5,90,Run a metals/energy CFD demo account or webinar campaign.,"Market volatility in gold, silver and crude oil is creating active trader attention.",Want today's active gold/oil trader topics and creator channels?,Public intent signal only. Not a personal contact record.,"Review source, identify author/company/channel, then enrich only through lawful public or vendor sources"
OPP-2026-07-15-003,2026-07-15,High,Metals / Energy CFD,"Gold, silver and oil CFD traders","Oil rises as U.S. continues to strike Tehran, reinstates blockade of Iranian ports - CNBC",CNBC,https://news.google.com/rss/articles/CBMihgFBVV95cUxQZHl4cGl1NE5DVVlMa005ODB6alhBQ3JzZFlKRnNJNUt5X3c3bEJSWWMzUHUxWTVUTUpRRDZTM3NGdm9UT3ZBSFdoVzRBdFVaVmNVOVpyNkxmbHRBS3pKcGZzNS04Wk5KMHFveHl0U0RLNmd6RlVKdHg0SHlxeGVuWGdkUXUzd9IBiwFBVV95cUxNLWRpZDZLVXZnZXB2QWE4SlpZbEZXMDFDR1hJOUJFc29HQUstQWNRVmhCaGlyaWpFZzJJa2NUc0t5VWpzUTdkUWpxNzN0dV9qM2dnMzE2VUNwRXBZeU92NndiZlNIbXg0TTcxaGw0TEFiX0QwNXVGQUIzZ1pIN0JVckpyMkhHdWUtQkNZ?oc=5,90,Run a metals/energy CFD demo account or webinar campaign.,"Market volatility in gold, silver and crude oil is creating active trader attention.",Want today's active gold/oil trader topics and creator channels?,Public intent signal only. Not a personal contact record.,"Review source, identify author/company/channel, then enrich only through lawful public or vendor sources"
OPP-2026-07-15-004,2026-07-15,High,Crypto Futures,Crypto futures and exchange traders,QuickSwap Goes All-In on Orbs for Perpetual Futures Trading - Cryptonews.net,Cryptonews.net,https://news.google.com/rss/articles/CBMiVEFVX3lxTE9hOFZYMUMteWc0akFSWjRJYThENlE5NS1VM1hQVnYxQWFPeUlvY0dxMmVuNGlXYVpqY2tfSDNGZDhRbjNVN014cFlwaEdCZUo5YTJwRA?oc=5,90,"Run crypto futures education, demo, exchange signup or affiliate campaign.",Crypto volatility is creating fresh futures and exchange intent.,We can package today's active crypto futures traffic themes for your exchange.,Public intent signal only. Not a personal contact record.,"Review source, identify author/company/channel, then enrich only through lawful public or vendor sources"
OPP-2026-07-15-005,2026-07-15,High,Crypto Futures,Crypto futures and exchange traders,Tax arbitrage drives crypto futures to 80% of India’s trading volume - Moneycontrol.com,Moneycontrol.com,https://news.google.com/rss/articles/CBMiyAFBVV95cUxPcG1zTjdfd2wtV2pQN1dSM1liMl9VVEVwX3BZaU1ydnpOZ0lRTTRpeDAyekFzQW5IaS1jcGcydVNBbVBOMlNwOUdxZzk3aU14MVhIS2JUNDZoVXQ2N0RadksyQWFHZ3NPa1Q2dTBWQm9GVGRqSkkxNUVfMlVyRVJyQk5Ybk92ZEtzc2tvN0dsS3lPOEZIcUtHUTVmN0pQeGtQSDdEekpCbTBHNzhCRUhhaVJfcXVTV29WaE5GcWZkNjJycm5wLVVsVtIBzgFBVV95cUxPbVZiRTB6Z0xXYklwVWhDZlFraGZEYnM0WlFxa3lGYnEycjVrcHZVeVlLR29yM044TlFvTHJQMGptOVBsc1pGc2l0ZlRxeTRJdUVIWWF2dHlfaE5DM0ZuU0lDdGRnTVNNalJkQ0l1RC10VnM5OGphMjZLNWgyWTAtc0F4NkR0UGJSM3oxM3VHRnlpYlRZMlpseXk2SWRvYkx3Mk43VDBYbEhrY0dpSVZDRERPUWlDemhyQ2d3UUhiNW9tTG9xaVp1NFVkdlVGZw?oc=5,90,"Run crypto futures education, demo, exchange signup or affiliate campaign.",Crypto volatility is creating fresh futures and exchange intent.,We can package today's active crypto futures traffic themes for your exchange.,Public intent signal only. Not a personal contact record.,"Review source, identify author/company/channel, then enrich only through lawful public or vendor sources"
OPP-2026-07-15-006,2026-07-15,High,Crypto Futures,Crypto futures and exchange traders,"U.S. inflation fall biggest in four years wipes out crypto shorts; liquidation imbalance 1,810 percent - 디지털투데이",디지털투데이,https://news.google.com/rss/articles/CBMi2wFBVV95cUxQektlRnJtQzEwUFJLdExySXNxSTdFTnNCd3FPTEpIckJWWFNwXzJEM0tGOUloaFUtenFxQlltNmhCYVFwZ1BLbnZ5eGlxcllNa1psdDRrb2Y2c0tvaWdFRVd1U0pZcU1KemR3NlMyZEdPVk9SbjlLN1FBbkZSTVRwcUFoakZEd0ttTXBqZFN5RkNpMDloczhxTlJETGF0d05zNVY4UDB2ZG9FUENnOU1adFNRVDdnNUg0LW5Qd0xLSE9TWk9fVzlwdXRlUmQwZTljWE96bFM0YjZqX3c?oc=5,90,"Run crypto futures education, demo, exchange signup or affiliate campaign.",Crypto volatility is creating fresh futures and exchange intent.,We can package today's active crypto futures traffic themes for your exchange.,Public intent signal only. Not a personal contact record.,"Review source, identify author/company/channel, then enrich only through lawful public or vendor sources"
OPP-2026-07-15-007,2026-07-15,Medium,FX,FX and MT4/MT5 traders,EUR/USD: Euro Steady and Boring Near $1.14. Can US Inflation Data Stir the FX Board? - TradingView,TradingView,https://news.google.com/rss/articles/CBMi2gFBVV95cUxNZk5wWExwbnM1Q3A3SDdoRFNkWm56bV9sN2NCMEIyRHNiZmJOTlVaNFdvTmtNNDVnOU43NlRaemkzTU1yR00wd2JSN1FtUzg0RllBamdZY2dEM09vNEw4enNZSTdDazdvWDBEbW9Tc3JXbF9haUdpaTUxeGhLNEwxSUN0elZXUTR1SEl1a25YTXoxdTRxUjdEcGk2czRhZGh4TGY3eHQzUm9EVU5wZlB2ZHJScURhZWxfR2tQWnFnNnBsZGxUaHk4R3ZZS3NvOENQWHBsVDlTdThNZw?oc=5,82,"Run MT4/MT5 onboarding, low-spread broker comparison or FX webinar campaign.",FX analysis and broker-selection topics are active today.,Do you want today's active FX intent feed for your sales or affiliate team?,Public intent signal only. Not a personal contact record.,"Review source, identify author/company/channel, then enrich only through lawful public or vendor sources"
OPP-2026-07-15-008,2026-07-15,Medium,Metals / Energy CFD,"Gold, silver and oil CFD traders","Gold News: XAUUSD Turns Higher, but Can Bulls Sustain the Momentum? - FXEmpire",FXEmpire,https://news.google.com/rss/articles/CBMitgFBVV95cUxNUnJWWENTcjdoZmJORWRNeXI2ZE9LY2lpSkFwb1hzaEdzU0lSRzRSeHItODY1U3hXY1VnaWg2bDRFa0dwNFk1Z1M1X2I2WnU2ZFBZRGcwSzVMTG1fQ0RVRDBuSVo4Nzk1UGx4RUN1T0tJSC1mclVUWGRkNU5mZlJTal9tRmhZYTVmUEQ1Zkl5ZWphaHk5VzJjZmZESEwzUHBLWjFyVzYwWlBZVUx5dXMwZGVHREpWZw?oc=5,82,Run a metals/energy CFD demo account or webinar campaign.,"Market volatility in gold, silver and crude oil is creating active trader attention.",Want today's active gold/oil trader topics and creator channels?,Public intent signal only. Not a personal contact record.,"Review source, identify author/company/channel, then enrich only through lawful public or vendor sources"
OPP-2026-07-15-009,2026-07-15,Medium,Metals / Energy CFD,"Gold, silver and oil CFD traders",Gold at a Critical Turning Point Before U.S. CPI for OANDA:XAUUSD by forexcitypro_leemeenal - TradingView,TradingView,https://news.google.com/rss/articles/CBMinwFBVV95cUxQQWVpZ2RPb0hGSk9HeTZ0YmZ5NWNZQzJ1LVVKRVFLWjk3MHlzX2Z3cjNjaXhkQWhiSEN5elJQLTFvV0E2MFJKMkExWnoxRTk0dXBFdTc4Y3hYVjhRQWkyWWg3Y1F2cy1wRW1vbXpDUk9UMndzVTBQWGUxMzRvNTY1cWpjN3VMQ0hqWXBSbGktRVJSdXBqUzNlNk9nam05Vmc?oc=5,82,Run a metals/energy CFD demo account or webinar campaign.,"Market volatility in gold, silver and crude oil is creating active trader attention.",Want today's active gold/oil trader topics and creator channels?,Public intent signal only. Not a personal contact record.,"Review source, identify author/company/channel, then enrich only through lawful public or vendor sources"
OPP-2026-07-15-010,2026-07-15,Medium,Metals / Energy CFD,"Gold, silver and oil CFD traders","Gold Price Forecast: XAU/USD rebounds above $4,000 with US CPI in focus - FXStreet",FXStreet,https://news.google.com/rss/articles/CBMisgFBVV95cUxQeEZ6UFhCbWI0bEtaa0RzUGkyWXk0QzF5UHpqVTdGdlo2ODFiQlZ6RldwQlRyYkdSdFNwdFBXdUZ6MEt0eHFfOUhkc2t2NE5kQ0dySUh4VWtFd3ZVRlNSblhlUnVMVm14MGp6VlhlQ3hnQ1pjSHVNNnBUWVlaR3VsNUNsWjJZd1dNRUJXTHNocjdaUDBUNHY5QXVTVUdOcm91U0dNYTJhWTRYR0xIejNWRlNB?oc=5,82,Run a metals/energy CFD demo account or webinar campaign.,"Market volatility in gold, silver and crude oil is creating active trader attention.",Want today's active gold/oil trader topics and creator channels?,Public intent signal only. Not a personal contact record.,"Review source, identify author/company/channel, then enrich only through lawful public or vendor sources"
OPP-2026-07-15-011,2026-07-15,Medium,Metals / Energy CFD,"Gold, silver and oil CFD traders","Gold (XAUUSD), Silver, Platinum Forecasts – Gold Rallies As U.S. Inflation Rate Misses Estimates - FXEmpire",FXEmpire,https://news.google.com/rss/articles/CBMi1wFBVV95cUxPS29tTWdzZGozdFltYTgtcHRNOXRpZll3TTJ5RHFIRHZWRDdCOV9VWktBaDBnVURRVG5kZkFiUDI1M0c1eU1GdUl3MkVZVmdVMmhMTDVMdjdMc2w5UG9tOHhIbUg0V0RiT0RGUWNFaFJsLVBuVHM2anZKTkRtVnZNUE1UX0tzSjRqdldiX3hGWXlHV1pkTGZRVUZBWHBjcldXdDRsQUt6clk5MjA2SVRMZ0lyenY0WTN1Y0pSS1NCdW9VOVFkTzc1Z1FGeVpsYXZBN3NJa3dyVQ?oc=5,82,Run a metals/energy CFD demo account or webinar campaign.,"Market volatility in gold, silver and crude oil is creating active trader attention.",Want today's active gold/oil trader topics and creator channels?,Public intent signal only. Not a personal contact record.,"Review source, identify author/company/channel, then enrich only through lawful public or vendor sources"
OPP-2026-07-15-012,2026-07-15,Medium,Metals / Energy CFD,"Gold, silver and oil CFD traders",Fresh from the Trading Room: Papering over the cracks - CME Group,CME Group,https://news.google.com/rss/articles/CBMihwFBVV95cUxQS3RsQnBSemxQUzhDVzNMMnc0bFlGNWh4cElKU29QRmZvT2UyNVVPNkdtNlVua3dXNXJFak9oRlYxRm02RHJfNWV4NlA0SVpFVENuSWNRSEQ3ekZJVkhvdzNsQlRCVkwxR0s4bjBVTjdzRnVIRnRDaElZMjQ2SzNxbDhsd0ROWkE?oc=5,82,Run a metals/energy CFD demo account or webinar campaign.,"Market volatility in gold, silver and crude oil is creating active trader attention.",Want today's active gold/oil trader topics and creator channels?,Public intent signal only. Not a personal contact record.,"Review source, identify author/company/channel, then enrich only through lawful public or vendor sources"
OPP-2026-07-15-013,2026-07-15,Medium,Metals / Energy CFD,"Gold, silver and oil CFD traders",Oil Inventory Declines with WTI Crude at $79.92 - GuruFocus,GuruFocus,https://news.google.com/rss/articles/CBMijAFBVV95cUxOamRDajNTSjN6cjFSMFRYLVRQcHR5RUZaLXltMXV1UTdqYmRvRUl4SnM0Q25ha1Q4TW1fcHNsbHhnbGJ3YkU3MmtqUXowcjBqajUtaUcxWlhyNEN4N0d3Y3NHRjNlTTQzMVlzWDAyQ3dWcGoyS2ZER2g5amNHSDBtdWc5Ymg2UlFiYjFvRg?oc=5,82,Run a metals/energy CFD demo account or webinar campaign.,"Market volatility in gold, silver and crude oil is creating active trader attention.",Want today's active gold/oil trader topics and creator channels?,Public intent signal only. Not a personal contact record.,"Review source, identify author/company/channel, then enrich only through lawful public or vendor sources"
OPP-2026-07-15-014,2026-07-15,Medium,Metals / Energy CFD,"Gold, silver and oil CFD traders",WTI Forecast: Eye further gains amid Mideast tensions - FXStreet,FXStreet,https://news.google.com/rss/articles/CBMiuAFBVV95cUxQMDJLYmg0bmkzcmpvVEV4RUNmMndXZV83LTRxUnRoNlJNVmtJNkxWZ2NMLXpocDVVWVdCQVRSaDBGOS1RNF9GV0VpMDRRRW1lb09BZDhkdFFYUjhfMEFHcFM3LWVZaFRPbU1XRnVqVGI2ejg2UFV0dFFsSmc1bXlOV3Zic290OTZVaXQyeUZMVWJzckMxSHlrLTFkOHo4ZW50Z090VWtXTEcwQmFoLWpmTVF5eHVkbmVx?oc=5,82,Run a metals/energy CFD demo account or webinar campaign.,"Market volatility in gold, silver and crude oil is creating active trader attention.",Want today's active gold/oil trader topics and creator channels?,Public intent signal only. Not a personal contact record.,"Review source, identify author/company/channel, then enrich only through lawful public or vendor sources"
OPP-2026-07-15-015,2026-07-15,Medium,Crypto Futures,Crypto futures and exchange traders,Bitcoin treasuries already faced two collateral calls in 2026 and some loans can liquidate after just 12 hours - CryptoSlate,CryptoSlate,https://news.google.com/rss/articles/CBMi2wFBVV95cUxPMmpXUGhvMS1LQkh0RVFyZlhQZERPWXpxNW9BczBVZ21PcWxaU2tZY3hqMmg5enBiNExlZWMxREl3RGxDajZWbTBnMGlGRUg1SjV4ZTZlaWZpSm1NdkxuVzVJZ3VBcXBwbHlnLXJDb3U1MkoyckpiWWUzazRnWU5kQnp0VGdlMVpuclNFZG45MFM3ZXNpNmhmc2duX0N4Y3JianNGSnZRc0k5eXdQc3Jib0hLRkNjekNVYk1rakotOTNOX0pybDhscWRFVnl3d2VxR0hlVzZTOUNQd2c?oc=5,82,"Run crypto futures education, demo, exchange signup or affiliate campaign.",Crypto volatility is creating fresh futures and exchange intent.,We can package today's active crypto futures traffic themes for your exchange.,Public intent signal only. Not a personal contact record.,"Review source, identify author/company/channel, then enrich only through lawful public or vendor sources"
OPP-2026-07-15-016,2026-07-15,Medium,Crypto Futures,Crypto futures and exchange traders,Over $105M in short positions liquidated from crypto market in past hour - Crypto Briefing,Crypto Briefing,https://news.google.com/rss/articles/CBMiakFVX3lxTFB3d0dxaGZWVDlkREluY0QySTRWcERjMWJ4Zk5iaWxBVmpYbjl6Ujh6Q0hVXzF2bDVQeTlYZlVlVXUzcEhHYmpIUzduc0RlUzQwM0ptUTNvc3F1bm80T2QxTEdjNW5MaEswcmc?oc=5,82,"Run crypto futures education, demo, exchange signup or affiliate campaign.",Crypto volatility is creating fresh futures and exchange intent.,We can package today's active crypto futures traffic themes for your exchange.,Public intent signal only. Not a personal contact record.,"Review source, identify author/company/channel, then enrich only through lawful public or vendor sources"
OPP-2026-07-15-017,2026-07-15,Medium,Crypto Futures,Crypto futures and exchange traders,What Is Coinglass? Crypto Liquidation and Open Interest Data Explained - CryptoRank,CryptoRank,https://news.google.com/rss/articles/CBMikwFBVV95cUxPLVRuQ1h6U29OeXVwMzRvTEhiN2szeUk5YkpwcTRiZy1aV2c4bDFjVVExYlhWTWR1ZU4wYjlFTHF3SmphRG1EMk1ldjVqSkRRbnM4REF2M0k1WThwZ2FMdWZnYXAtV1FNX0pZZTA3bmJpWFp4THNhX2dUQkpGUk9FVmpGcDlKZ0w4ajJoSml0UGJuLW8?oc=5,82,"Run crypto futures education, demo, exchange signup or affiliate campaign.",Crypto volatility is creating fresh futures and exchange intent.,We can package today's active crypto futures traffic themes for your exchange.,Public intent signal only. Not a personal contact record.,"Review source, identify author/company/channel, then enrich only through lawful public or vendor sources"
OPP-2026-07-15-018,2026-07-15,Medium,Stocks / Options,"Stock, ETF and options traders",Baidu Target of Unusually High Options Trading (NASDAQ:BIDU) - MarketBeat,MarketBeat,https://news.google.com/rss/articles/CBMisAFBVV95cUxQVW5QNldzRm11MWJpU1NmdGNJRFUwREVfeExyR1lhRERSUEZQcDFmV3FXSXdqX3JCbERBM3ZlalFhdGtHSHZnT3REcHdKcklib2w5Yno3aUsybmQtRkt1RElzWkFoYnVuMjZiZzJMUnNITDlNVGhNeHdMNDFrZkRyVERocEk3bGlsenBOSG56endXeGN2Z25rWFR5NmJEbzdfc1RwX1Z6TDVfRl9ZTWFSRw?oc=5,82,"Run stock trading app, CFD equities or options education campaign.",US equities and options conversations are active around market movers.,We can package active stock-trading topics and creators for your brokerage.,Public intent signal only. Not a personal contact record.,"Review source, identify author/company/channel, then enrich only through lawful public or vendor sources"
OPP-2026-07-15-019,2026-07-15,Medium,Stocks / Options,"Stock, ETF and options traders","SK Hynix ADR Surges 27% on Nasdaq Options Debut, Premium to Seoul Shares Hits 51% - finance.biggo.com",finance.biggo.com,https://news.google.com/rss/articles/CBMidkFVX3lxTE9NRzRwemtjQ2paNmo1elJLM0RJSkctTEdqOVN4eXc2UEMzVjVWTmx3UFNMOTNESXlmdkhjbWtZZkp4N24tQWUzWWhUOEtlV1ZfZDhFUlNRR2ZFRGZhVkVlZ3pqUGNKazF6ZjBDS28tVFFpOUVydHc?oc=5,82,"Run stock trading app, CFD equities or options education campaign.",US equities and options conversations are active around market movers.,We can package active stock-trading topics and creators for your brokerage.,Public intent signal only. Not a personal contact record.,"Review source, identify author/company/channel, then enrich only through lawful public or vendor sources"
OPP-2026-07-15-020,2026-07-15,Medium,Stocks / Options,"Stock, ETF and options traders",Traders Purchase Large Volume of Call Options on Hallador Energy (NASDAQ:HNRG) - MarketBeat,MarketBeat,https://news.google.com/rss/articles/CBMiyAFBVV95cUxNRmlmM0RhbFhRWi16akRCeDNzN3hRRXJsbDV0ejFvRXNPd0kyc3hYekVORndmZ2pWOVQyVVlWWVI4QXRzc29xV3JnMmhLbllEN2J1WUUxd25vdzhrcHJDSkc2MWlDWnczYnpyMnUyU2FiZkdvWEwxZFVPLU81ZWVMY2czUlZnZkZRRnVXc2FncUtTaHhzWGs0emJpX0otN0RhNDV5c3RNanRmeFpyUklIMDFud0g0VmE0WGpsYWM2Z0xiZUFNNXgtUA?oc=5,82,"Run stock trading app, CFD equities or options education campaign.",US equities and options conversations are active around market movers.,We can package active stock-trading topics and creators for your brokerage.,Public intent signal only. Not a personal contact record.,"Review source, identify author/company/channel, then enrich only through lawful public or vendor sources"
OPP-2026-07-15-021,2026-07-15,Medium,Crypto Futures,"Trading educators, affiliates, IBs and signal communities",Robinhood Memecoin Blockchain Trading Volume Explodes: MemeToro AI Presale Next? - Cryptonews.net,Cryptonews.net,https://news.google.com/rss/articles/CBMiXEFVX3lxTE9GamN4QS1tX3pfTWFmdFJmYU1mU2o5ZVA4N0Y3VzZBN0dqRWNrZ2FnbWhib3ZkNHp4VXNfTi1nTS1sNE5SR0tSWUdLR2tPVVR3akJVclBaYmFTMkc0?oc=5,82,"Recruit affiliates, IB partners and trading education channels.",Active trading education and signal-provider topics indicate partner opportunities.,We can source active trading educators and IB-style partner prospects.,Public intent signal only. Not a personal contact record.,"Review source, identify author/company/channel, then enrich only through lawful public or vendor sources"
OPP-2026-07-15-022,2026-07-15,Medium,Crypto Futures,Crypto futures and exchange traders,Ethereum 24h change 4.88%,CoinGecko public API,https://www.coingecko.com/en/coins/ethereum,80,"Run crypto futures education, demo, exchange signup or affiliate campaign.",Crypto volatility is creating fresh futures and exchange intent.,We can package today's active crypto futures traffic themes for your exchange.,Public intent signal only. Not a personal contact record.,Package crypto futures audience and creator topics
OPP-2026-07-15-023,2026-07-15,Medium,FX,FX and MT4/MT5 traders,EUR/USD Signal: Ready for a Bearish Breakout as the US Dollar Jumps - DailyForex,DailyForex,https://news.google.com/rss/articles/CBMimAFBVV95cUxPb3c2WFdIZXc0LTI3YXhOVWtzVXhQNHlJTzBKenNmMG9hTGpibWNDTkowekJ4LXdRV0hOaVl1bk1lUHZzU2diRl9LZWJ2LVZ6c2lzc0FUZDVqTmZpLWs2Y3d2NHQ4REVhUlpZS09CQ3NlRWYzcThPQ2tNYTE1WGVzNmFXazVxUGVOX2hpbEczeGN3NU1sRE1XZw?oc=5,74,"Run MT4/MT5 onboarding, low-spread broker comparison or FX webinar campaign.",FX analysis and broker-selection topics are active today.,Do you want today's active FX intent feed for your sales or affiliate team?,Public intent signal only. Not a personal contact record.,"Review source, identify author/company/channel, then enrich only through lawful public or vendor sources"
OPP-2026-07-15-024,2026-07-15,Medium,FX,FX and MT4/MT5 traders,Evening update for EURUSD-14-07-2026 - Economies.com,Economies.com,https://news.google.com/rss/articles/CBMilwFBVV95cUxOZFFuRzZ0YWVGWWViUVloc19WdC0xTXJ2MmxDMEZES2FHaURWSHZfd3BkSWZRRl9STkUzZlF5ME92QllvY0NpODIwdHEwMW14MF9MSzVJUXgzTTBubnB2M2FUajE3d2xSVHgyd0hCTC00MVNvZ1BPd19YOExnenBfMTNQWkJJZE02UTJmZEtnNEljaEkzbDE4?oc=5,74,"Run MT4/MT5 onboarding, low-spread broker comparison or FX webinar campaign.",FX analysis and broker-selection topics are active today.,Do you want today's active FX intent feed for your sales or affiliate team?,Public intent signal only. Not a personal contact record.,"Review source, identify author/company/channel, then enrich only through lawful public or vendor sources"
OPP-2026-07-15-025,2026-07-15,Medium,Metals / Energy CFD,"Gold, silver and oil CFD traders","Technical Analysis of US Crude, XAUUSD, and EURUSD for Today (July 14, 2026) - LiteFinance",LiteFinance,https://news.google.com/rss/articles/CBMirAFBVV95cUxNOFFsNXJ2LVdTWFEzZjByLXo4VnRuM2E3X3BCR1l4UVpVeEREcWtOQ3RwRjY1T1diVnhzcGFzdU5CNFlsV0ljanhpeE5TRVlqWkNhY0szWGRtLWhuT3prRjUzc1NUZm9Vbm5Edmp2T1lmSEJLSm1BS21ZSjVrMF9KVjlPZlUxcld1eDI1b09jUGRpSEF3U3J4Z0hKVzdtWm1nNHczYTNPYUF5RlU1?oc=5,74,Run a metals/energy CFD demo account or webinar campaign.,"Market volatility in gold, silver and crude oil is creating active trader attention.",Want today's active gold/oil trader topics and creator channels?,Public intent signal only. Not a personal contact record.,"Review source, identify author/company/channel, then enrich only through lawful public or vendor sources"
OPP-2026-07-15-026,2026-07-15,Medium,Metals / Energy CFD,"Gold, silver and oil CFD traders","Silver Price Forecast: Soft US inflation lifts XAG/USD, but downside bias remains - FXStreet",FXStreet,https://news.google.com/rss/articles/CBMivwFBVV95cUxOb0N2WjhRcE9zejRtdzFQSHpTdjdJYlZyTE9RR1pmdVp4WUtTbzRDS0ZmZ0dJazZEcjNSRmxmVVlDLWszaHZsRXpMS0hMNDl2NnpORTdvdHNRWFpMd3V0N29NV29aTDhTajlqcjQ2b3dXOWR0Zk16V21ManY5UnM2RGYxQlpTc29WWXEycWZieTZsc3p4OU9QaXNicHhOdmpQY3JhYTh3N0hFcUQyT3BVVzFfVEhKMjE3NzRBMEt5NA?oc=5,74,Run a metals/energy CFD demo account or webinar campaign.,"Market volatility in gold, silver and crude oil is creating active trader attention.",Want today's active gold/oil trader topics and creator channels?,Public intent signal only. Not a personal contact record.,"Review source, identify author/company/channel, then enrich only through lawful public or vendor sources"
OPP-2026-07-15-027,2026-07-15,Medium,Metals / Energy CFD,"Gold, silver and oil CFD traders",Core Differences Between West Texas Intermediate (WTI) and Brent Crude and the Affect of the Iran War - EnergyNow.com,EnergyNow.com,https://news.google.com/rss/articles/CBMiogFBVV95cUxQN1ZOVFVuUnFFYUstVktuczhxdzBYN1lUbUlqbTIwZEVnX2lCclN2dDZyeVJxUnFPLXdLLWhHcTd1MUUyM0kxTFBUZWJZSVlfN2RCZkRlRXhqT3ZfdUJTQkFjSkR1dDFsQ2Rmc19VTERhc1hsV2Nka2RDVEFvZ0FUcFdJQ0dCR21lcm5mZU12UzJZZHlyOFh3WGEzVWpCVDlUeHc?oc=5,74,Run a metals/energy CFD demo account or webinar campaign.,"Market volatility in gold, silver and crude oil is creating active trader attention.",Want today's active gold/oil trader topics and creator channels?,Public intent signal only. Not a personal contact record.,"Review source, identify author/company/channel, then enrich only through lawful public or vendor sources"
OPP-2026-07-15-028,2026-07-15,Medium,Crypto Futures,Crypto futures and exchange traders,Solana 24h change 3.19%,CoinGecko public API,https://www.coingecko.com/en/coins/solana,73,"Run crypto futures education, demo, exchange signup or affiliate campaign.",Crypto volatility is creating fresh futures and exchange intent.,We can package today's active crypto futures traffic themes for your exchange.,Public intent signal only. Not a personal contact record.,Package crypto futures audience and creator topics
OPP-2026-07-15-029,2026-07-15,Medium,Crypto Futures,Crypto futures and exchange traders,Bitcoin 24h change 3.12%,CoinGecko public API,https://www.coingecko.com/en/coins/bitcoin,72,"Run crypto futures education, demo, exchange signup or affiliate campaign.",Crypto volatility is creating fresh futures and exchange intent.,We can package today's active crypto futures traffic themes for your exchange.,Public intent signal only. Not a personal contact record.,Package crypto futures audience and creator topics
OPP-2026-07-15-030,2026-07-15,Medium,Crypto Futures,Crypto futures and exchange traders,XRP 24h change 2.83%,CoinGecko public API,https://www.coingecko.com/en/coins/ripple,71,"Run crypto futures education, demo, exchange signup or affiliate campaign.",Crypto volatility is creating fresh futures and exchange intent.,We can package today's active crypto futures traffic themes for your exchange.,Public intent signal only. Not a personal contact record.,Package crypto futures audience and creator topics
OPP-2026-07-15-031,2026-07-15,Medium,FX,FX and MT4/MT5 traders,The Platform Wars: Why Leading Forex Brokers Are Abandoning Legacy Tech for Proprietary Ecosystems - FX News Group,FX News Group,https://news.google.com/rss/articles/CBMi2wFBVV95cUxQTW5kMWN2emtlRjJHUm54NU5yQkhRMkJERmJFQlE3S015S2JfVFN2WUxwV0Znd0N1NHpMZWtWMWdpeW5zZXhCck9EN1NScm9jVjFOWFg4a0lxTGRyM0RMVGZkTlhUbW4yV3pDN3VyMV9LYUhwU3BTNXBWYUNqU2NZWFNzR2ZjM1hjOU1xSVpRdmhiQzdLa2xCekNwVGZ2MHZzd0ZvVkEzaHhsTXE5TkRVU1k3alBEeHpDeXNEdzl2X3BTVGZjSUluQ0l4ZGRMQjFCT212U0NFZks5TEE?oc=5,70,"Run MT4/MT5 onboarding, low-spread broker comparison or FX webinar campaign.",FX analysis and broker-selection topics are active today.,Do you want today's active FX intent feed for your sales or affiliate team?,Public intent signal only. Not a personal contact record.,"Review source, identify author/company/channel, then enrich only through lawful public or vendor sources"
OPP-2026-07-15-032,2026-07-15,Medium,Metals / Energy CFD,"Gold, silver and oil CFD traders",XAUUSD Analysis: Gold Loses $4K! CPI Next? - Bitget,Bitget,https://news.google.com/rss/articles/CBMiaEFVX3lxTE04OHBDakhkVW5fWHhMNHk5MXYwWlFfWU5NWWVhZUY1MFFselp0dnNkNDAtV0Z0MHktRlUzRVpLY3lTdWNIUUlMZTJsdlhiaTFZVERtcXRjQlNDWWtRYlBqanpIQ2paMDZs0gFuQVVfeXFMTXlHRTk2b24yQ1F2RDdQMEUyU3pNTWJSdDh1dURSeWxrZGFxSXNlWE5tZmlqZWZ2anZQNnd2T1RHdHJIaXptck13aXZDWU1XXzZJRGp1LXIxWmhxTm1TSk92ODJ0dndYNjlIUENLb3c?oc=5,70,Run a metals/energy CFD demo account or webinar campaign.,"Market volatility in gold, silver and crude oil is creating active trader attention.",Want today's active gold/oil trader topics and creator channels?,Public intent signal only. Not a personal contact record.,"Review source, identify author/company/channel, then enrich only through lawful public or vendor sources"
OPP-2026-07-15-033,2026-07-15,Medium,Metals / Energy CFD,"Gold, silver and oil CFD traders",Oil Technical Levels Reveal the Market's Next Big Test - StoneX,StoneX,https://news.google.com/rss/articles/CBMilAFBVV95cUxQWGhvdUhEYmxLMkY2X3pqb2duUkJHTXBsV1d0SS1GdndZWGFvRjhHNU1ucmRmZUUyNDZBRE1ab1QxQm5uNHhxVnUyclhRenM4dzBURENiMS1mUXpwdlNqLXZUUGZ5d3pDd29VVlZoQTBaQ2syeTdKQV8ySDQ0ajVOcktCc1FZUmNNMDlFamk0Ni1NdHN0?oc=5,70,Run a metals/energy CFD demo account or webinar campaign.,"Market volatility in gold, silver and crude oil is creating active trader attention.",Want today's active gold/oil trader topics and creator channels?,Public intent signal only. Not a personal contact record.,"Review source, identify author/company/channel, then enrich only through lawful public or vendor sources"
OPP-2026-07-15-034,2026-07-15,Medium,Metals / Energy CFD,"Gold, silver and oil CFD traders",Crude Oil Weekly Outlook: Oversupply Risks Challenge WTI & Brent Despite Hormuz Tensions - FOREX.com,FOREX.com,https://news.google.com/rss/articles/CBMi0gFBVV95cUxNM09qSjhxS2tEZGhhN01TOTN3dVdfVTJQWVd6SFBsbU5seDlFZnNMZW9aVnB6SXNJSFFJVTg1ejNHYnJTT3cxbGw3N1EwZHBmTXltdldYLVFOVUc3c0J0Ymw1THU5NVJoYmMxa3FlcUlDUElGN3ZvZDlCei1UcjNuVE9qdDhFNktIdGZMWGt6Y050WGNKRE02TlRsRVVMV2NOLW80Sy1wSGpfeTdDUUZiTnpDTTJyVy1sWHBvR05GYkJCWWNXRlBZZVprNnJRTnJsdWc?oc=5,70,Run a metals/energy CFD demo account or webinar campaign.,"Market volatility in gold, silver and crude oil is creating active trader attention.",Want today's active gold/oil trader topics and creator channels?,Public intent signal only. Not a personal contact record.,"Review source, identify author/company/channel, then enrich only through lawful public or vendor sources"
OPP-2026-07-15-035,2026-07-15,Medium,Crypto Futures,Crypto futures and exchange traders,Binance June futures volume at $1.6T defies crypto spot trading slump - TradingView,TradingView,https://news.google.com/rss/articles/CBMizAFBVV95cUxPMThrdW05RVZHLWxNUENaTU1RRjg0c0xZNTk5anhEcURoNVJBTG1EeDRhV2RFZTVZYnU2ZVZzS1laNFFoYXVsYVd4WWxuMGdiMnRlUTl1YVFfVERSSTI2b21PXzBralRyWTRPQUdSYk94dVZSaG9SWVlVeHAwMDdqcGdPWnotRlNldTR1eGdITjlWWUxqeEkxekF1Um54a3pOOUFDMTM2TXEzbVMzWmthNWZZc0Rfemg1RnFQUUhORDRjMC1fQ1JER2M3dGo?oc=5,70,"Run crypto futures education, demo, exchange signup or affiliate campaign.",Crypto volatility is creating fresh futures and exchange intent.,We can package today's active crypto futures traffic themes for your exchange.,Public intent signal only. Not a personal contact record.,"Review source, identify author/company/channel, then enrich only through lawful public or vendor sources"
OPP-2026-07-15-036,2026-07-15,Medium,Crypto Futures,Crypto futures and exchange traders,Binance futures trading jumps to $1.6T - grafa.com,grafa.com,https://news.google.com/rss/articles/CBMiekFVX3lxTE00RzhPS0sxZVkwR2ppYXhUWmhjekp2RG11QmZEM1ozajMtY21yb21ZU2o3dWZSNkdmTGJmTnIxanB4ZXN0Z18wVFNhd0ZqYXBTU3NKeDAzdkotU1ZYZlpUVklHTnBrTkVXSFFFVWhkRFVpdmVlQVlhbDB3?oc=5,70,"Run crypto futures education, demo, exchange signup or affiliate campaign.",Crypto volatility is creating fresh futures and exchange intent.,We can package today's active crypto futures traffic themes for your exchange.,Public intent signal only. Not a personal contact record.,"Review source, identify author/company/channel, then enrich only through lawful public or vendor sources"
OPP-2026-07-15-037,2026-07-15,Medium,Crypto Futures,Crypto futures and exchange traders,"Nasdaq, S&P 500 Futures Edge Higher Ahead Of Fed Minutes: Why NVDA, TSLA, AAPL, APLD, PANW Are On Traders' Radar Today - Stocktwits",Stocktwits,https://news.google.com/rss/articles/CBMizAFBVV95cUxPOUx1U2xJdXNyeWgxY0ZmNERFNDEzYW1lSzBoX3cwV2lNRVkzOGdRcDRjUVUtLXJNem9UUjJBdE9yekd2QjRpcjBJNTZKV2NMTlNaa21YTlUxSHhrc2xMdkFfaHRJRU9ZREF4M0huemFiMkZRcTZQU3hmSHVuUm0zUFZ4NWNDWUc2bElRVUFKM3lBRjRNQlY1SG01eE1oWm5PcUpkUjM4a3d1YkZPVHdTWlMxa3BvZnBvYlhwTGZSRG9yemQtVHFvMVBuRG0?oc=5,70,"Run crypto futures education, demo, exchange signup or affiliate campaign.",Crypto volatility is creating fresh futures and exchange intent.,We can package today's active crypto futures traffic themes for your exchange.,Public intent signal only. Not a personal contact record.,"Review source, identify author/company/channel, then enrich only through lawful public or vendor sources"
OPP-2026-07-15-038,2026-07-15,Medium,Metals / Energy CFD,"Stock, ETF and options traders","TSLA Stock Climbs Premarket, But Gary Black Says Rising Oil, Bond Yields Make NVDA, GOOG, META Cheaper Bets - Stocktwits",Stocktwits,https://news.google.com/rss/articles/CBMiyAFBVV95cUxQRERkT3NwWklaN2wwamtwaWI4bDdaamp0cnYtOUphbHdFVlRxNThQMWxNbU1zRzBEUlJsY1pZRmVwZTNHdEZPWk1LY1FZenhZLTJsZ2xFbEtlVjNrQUNrdmJoNVFkR0JLTTdXWGJZTE8yRXZvZ1BoWDFZblJ6alU0aVNzekl4T05uN1oxSkNhMnV2YllWVmVybUxDbFNwTXlxV3BBNkNlUWUwMVl0ajF3M0E5TjlxMGlSSFJCbzZwOEExZEtrQmZENA?oc=5,70,"Run stock trading app, CFD equities or options education campaign.",US equities and options conversations are active around market movers.,We can package active stock-trading topics and creators for your brokerage.,Public intent signal only. Not a personal contact record.,"Review source, identify author/company/channel, then enrich only through lawful public or vendor sources"
OPP-2026-07-15-039,2026-07-15,Medium,Crypto Futures,"Trading educators, affiliates, IBs and signal communities",Crypto Education: Why Macroeconomics Moves Crypto (see fantastic video) - investingLive,investingLive,https://news.google.com/rss/articles/CBMipwFBVV95cUxPZ3p0SkxsR3lEX1JwNHROcElzMXg2aHRmS3dPdS1MZl9JVlhpWXNRYWh3SU1vN282SkRtaFgxU0FSWXQ2S0hQNnlpTDNSRWY0bVhkNlVWbGVEUlNXYUlBbjJWekNab2QwNGVrZnZsNkRFVWN3THFJTnc3d2xiV0N1Tl8tZ3BiTVl5VlNMcVQtcW5TMFdKeV9oMDY2Wnpzc21vNDNqbm9OOA?oc=5,70,"Recruit affiliates, IB partners and trading education channels.",Active trading education and signal-provider topics indicate partner opportunities.,We can source active trading educators and IB-style partner prospects.,Public intent signal only. Not a personal contact record.,"Review source, identify author/company/channel, then enrich only through lawful public or vendor sources"
OPP-2026-07-15-040,2026-07-15,Medium,Crypto Futures,"Trading educators, affiliates, IBs and signal communities","BYDFi Participates in Peru Blockchain Conference 2026, Engaging the LATAM Web3 Community - CryptoPotato",CryptoPotato,https://news.google.com/rss/articles/CBMiswFBVV95cUxOY05WN0h1cHBFQzZCNFRJYkJ3VUZXMHJsMTBnZVNacnRKUXctT1RBWUtFQzBUZFVsYjAzcTU4R2lVblJSa3RBdENNSFZXT2s0UE1aLVNCa2gtX3FfSHZLVFhYWDZLX0FDcS14cm5RQUloU0lMa180SXNEZFFGVEszZXpkdERXeXU5T3ZNa1ZDNHFac1VGZFgxa08xcWlQdklEZkpUZGFZeU1YVUhPRjN0X20zWQ?oc=5,70,"Recruit affiliates, IB partners and trading education channels.",Active trading education and signal-provider topics indicate partner opportunities.,We can source active trading educators and IB-style partner prospects.,Public intent signal only. Not a personal contact record.,"Review source, identify author/company/channel, then enrich only through lawful public or vendor sources"
OPP-2026-07-15-041,2026-07-15,Watch,Crypto Futures,Crypto futures and exchange traders,BNB 24h change 1.57%,CoinGecko public API,https://www.coingecko.com/en/coins/binancecoin,66,"Run crypto futures education, demo, exchange signup or affiliate campaign.",Crypto volatility is creating fresh futures and exchange intent.,We can package today's active crypto futures traffic themes for your exchange.,Public intent signal only. Not a personal contact record.,Package crypto futures audience and creator topics
OPP-2026-07-15-042,2026-07-15,Watch,FX,FX and MT4/MT5 traders,Best Forex Broker in India for June 2026 - TMGM trading,TMGM trading,https://news.google.com/rss/articles/CBMigwFBVV95cUxObWFRRDh1NlBqVWlBZ296S2RPdGRXeGdmYXdtSUhzbVNtaVJ5SHV1MktOc0VqOEdNRFY3aHFCQUxMelBTdVJUSTJFTkFYWnJCeGhURTh2WmFZQmY1NE9meGo1YWZBaHM0MGt6dVZvTW5MT1hEU0U4ZWpsWU5YckM1a0RIaw?oc=5,62,"Run MT4/MT5 onboarding, low-spread broker comparison or FX webinar campaign.",FX analysis and broker-selection topics are active today.,Do you want today's active FX intent feed for your sales or affiliate team?,Public intent signal only. Not a personal contact record.,"Review source, identify author/company/channel, then enrich only through lawful public or vendor sources"
OPP-2026-07-15-043,2026-07-15,Watch,Crypto Futures,Crypto futures and exchange traders,Crypto trader applies legendary HODL strategy to EUR/USD forex bet - CoinDesk,CoinDesk,https://news.google.com/rss/articles/CBMirwFBVV95cUxPU3NaQ2VzR05GT0Q1dEw2VUw0VGFpajA0OGpOekpLdVM2V091WVpOUzhIbGltbm1iRlpqdEZHTkk5Z3pNRG1nRG9Fc0lsN0pRaEhpWXRVcjVkU1J5bThGS3UxVkhQaFE0T2Rab3E5S3ZpY2IzYnZTcExYb2JLZ1pHckJDWmNiQW1sSDZqNVFVcFlrRDRtUjhCemVnMUhpMFFlem5oX3BHVDJZdnB2Y2Vv?oc=5,62,"Run crypto futures education, demo, exchange signup or affiliate campaign.",Crypto volatility is creating fresh futures and exchange intent.,We can package today's active crypto futures traffic themes for your exchange.,Public intent signal only. Not a personal contact record.,"Review source, identify author/company/channel, then enrich only through lawful public or vendor sources"
OPP-2026-07-15-044,2026-07-15,Watch,Metals / Energy CFD,"Gold, silver and oil CFD traders","Weekly forex forecast: EUR/USD, XAU/USD, GBP/USD, USD/JPY, Bitcoin and more [Video] - FXStreet",FXStreet,https://news.google.com/rss/articles/CBMiwAFBVV95cUxQNzZjNDF3dGpWdE1BYVhOdHo4Y09kd1YwV0Zma2RMYk1ESDd2dVc3VS1Ub3cxV0J2TE00MTFFQmRoV3h3Sjl6QV9QWlJDNXpzOVhva09pd0xvSVVVYWpDWUlHY09GSzJJRWctU2ZBNTVldWQ2ZDZIcVJUVTA1UnJMSWNXRVliVm5PU1NfMmhoTGxMVHFlWGxwLVd6RDc2aHg2blIwLUlzeU1IMldQYTRlYWZlVkw0THdTUW9EM2xhb1I?oc=5,62,Run a metals/energy CFD demo account or webinar campaign.,"Market volatility in gold, silver and crude oil is creating active trader attention.",Want today's active gold/oil trader topics and creator channels?,Public intent signal only. Not a personal contact record.,"Review source, identify author/company/channel, then enrich only through lawful public or vendor sources"
OPP-2026-07-15-045,2026-07-15,Watch,FX,FX and MT4/MT5 traders,7 Best Forex Trading Platforms USA for 2026 - Invezz,Invezz,https://news.google.com/rss/articles/CBMiWkFVX3lxTE9fcnM0LXdzQ2NnQnU1X3ZIZjZWWXhzYmhUNDVNNHd0RXI3Q2c4Zm9USjhzNVBvT1ZyOXJiWEszZ21COHNXYVZ5M3JmVkl1Y3Jyb1Mtd25HNUJfdw?oc=5,62,"Run MT4/MT5 onboarding, low-spread broker comparison or FX webinar campaign.",FX analysis and broker-selection topics are active today.,Do you want today's active FX intent feed for your sales or affiliate team?,Public intent signal only. Not a personal contact record.,"Review source, identify author/company/channel, then enrich only through lawful public or vendor sources"
OPP-2026-07-15-046,2026-07-15,Watch,Metals / Energy CFD,"Gold, silver and oil CFD traders",Gold Price Forecast: XAU/USD Five Weeks at Support—Breakout Looms - FOREX.com,FOREX.com,https://news.google.com/rss/articles/CBMivgFBVV95cUxNVmxxWUhFc1NZSW8xOEk1aFdHSXRXcGJjWnV4OUhuVU90Y09rRmtiR19UQ0pMVmN4NGRNbndzQnlHVDVRVGMyQ2owX3N0bnFvQlRfc3FYSmhpRHY0Z29Qa2VTajl2RzVZS3VtMDlELVMzbkZoQUNfVzNpc1paMTNEbVVPTHE1cGtHSkxnZ3l4aERBalhkeDhzMW40SFZDbWpXREN0bW1TS2lSdERKaGZNazU2YVJMV21wMEYzbWtB0gHKAUFVX3lxTE10OWIzMDRFN0VFTnZ3LTBDVGh4YkpTMzZHTHBjaFl1a1I0QVBubWJOQlZ6aVEyVVo0X1AwZDVzcVQ2X2wxU1lTZFJhblhWZkZ6S0hJaGtmTzk0SnZseEhMSzhvSGZhcmh0Rkw3R3J5QkFKbXNWV0xsYnVEWHZoeTVqeFN5TC14QWh3Z3dydlNDdnJhSjJFRUlMN21fQzctamhsaENNYm9tdGlLeC1IS3g5OWlabjB2TUdoQm41S2xycXhpMDlEMnd0M1E?oc=5,62,Run a metals/energy CFD demo account or webinar campaign.,"Market volatility in gold, silver and crude oil is creating active trader attention.",Want today's active gold/oil trader topics and creator channels?,Public intent signal only. Not a personal contact record.,"Review source, identify author/company/channel, then enrich only through lawful public or vendor sources"
OPP-2026-07-15-047,2026-07-15,Watch,Metals / Energy CFD,"Gold, silver and oil CFD traders",Silver Price Forecast: XAG/USD rebounds above $58.00 despite inflation fears - TMGM trading,TMGM trading,https://news.google.com/rss/articles/CBMi1gFBVV95cUxPOUxPMzRrdm9uMXhZX2Z4RFBIY0tXUHRKcXVkR0w0NTVuVGFKNDJ3anExbVYwQ2ZoTEM5RjBIY210Nkc3eWdEN3FmOUppdGpLUTlHNjM5MGd1S3hQRnFhRVh5MjhDNlRWZlNpekI1TkQ2NHFuZ2lrYlN5Uzk5bEdHQ1RBZUxOcjZUU1VxS0JDV2pLWF93cGNBTnAxQ1hrLTNZcEVXOFQxejhxcFNJX2ktQ0RjZ081MkJ4MmFaMGhWazN2Y3pnSk50NmpHcW05ZjZIRFhHRk13?oc=5,62,Run a metals/energy CFD demo account or webinar campaign.,"Market volatility in gold, silver and crude oil is creating active trader attention.",Want today's active gold/oil trader topics and creator channels?,Public intent signal only. Not a personal contact record.,"Review source, identify author/company/channel, then enrich only through lawful public or vendor sources"
OPP-2026-07-15-048,2026-07-15,Watch,Crypto Futures,Crypto futures and exchange traders,Bitcoin Price Holds Steady While Leveraged Bets Face Liquidation Risk - Coinpedia,Coinpedia,https://news.google.com/rss/articles/CBMirgFBVV95cUxPWlFGNU5ENEVrbDN3c2NRWU5ONF9WalhCM2RpUHVpMkhIQ3pnb2d0SGk5bnU1dXhqM1g5YmFXQWdEb0pPaXJtMGFEcEJrNmZjV2Jod3lkYVZnS0xfUGIwQzhzYUlCS0hRdUtnZjUwZlVGY0EyUVNSMmRyeUw5Yi1BWDk1dzVCajY4R0hNendtbWlMMFlqdXNNRGllUG5JRmdGcEZPaFdtWEVPRXVSSmfSAbMBQVVfeXFMT3JOWERET0xaOHNOU1NlS1I3M05QVXBSOEJSLVRPcnYxdEFwNUdVU05DV2h5dVNkMTYxcGJsaDUwRnlITUhtSWRjUHloaUhYT1dZcnZ6b0k1U0h5QlBnd3NhLUdkZlVhVG9mVHhEM0QwaFdPUUV4Um9qMS11WHg1VGhqYWl5QUI2RzJKVzJEWmgySGxCWDdESVJYaGg1STI5UlNQb2NiUC1BSzJ0dkZmQ1BYZVU?oc=5,62,"Run crypto futures education, demo, exchange signup or affiliate campaign.",Crypto volatility is creating fresh futures and exchange intent.,We can package today's active crypto futures traffic themes for your exchange.,Public intent signal only. Not a personal contact record.,"Review source, identify author/company/channel, then enrich only through lawful public or vendor sources"
OPP-2026-07-15-049,2026-07-15,Watch,Crypto Futures,Crypto futures and exchange traders,What Is a Perp DEX and Why Traders Are Leaving Centralized Exchanges - Startup Fortune,Startup Fortune,https://news.google.com/rss/articles/CBMinAFBVV95cUxPdHZFR1NFMUhpWEZ0SFdPU1NHY1NueVp4blM0SnBMQWhueGRiRWp3U20tb0piTUZ5dm54OVBQMklMUUN4emd2ek9BbUR5VUFzWDZFdzNma0ZhZE9Db0R0N3FHQmxqRVZMc2Rpa0k1cUpZVnpsRmhrRlBmMWZldzF2M2VkSWk2eno1VDVPdWtIS0lVbGFqaUtMVENnUXg?oc=5,62,"Run crypto futures education, demo, exchange signup or affiliate campaign.",Crypto volatility is creating fresh futures and exchange intent.,We can package today's active crypto futures traffic themes for your exchange.,Public intent signal only. Not a personal contact record.,"Review source, identify author/company/channel, then enrich only through lawful public or vendor sources"
OPP-2026-07-15-050,2026-07-15,Watch,Stocks / Options,"Stock, ETF and options traders",AppLovin (APP) Stock Looks Like A Bargain On Its 15x Run - Yahoo Finance,Yahoo Finance,https://news.google.com/rss/articles/CBMingFBVV95cUxOU2tSSGpYVEZHWXZxRXUzZ2ZDUTNtcS1GN2VuZWZvbkN0VGMyNllSaC0tMmc2MGdnNTBoZk16NVNjRW1RcHhoaEhLeThzbFNSRmN1SndvOE5Mc2J2RkJ6cGxHTEpvWHNtRGxhMVJJSXBid2xpaHBYU3l0Rk1fU2ZnOFhoa2N6bHhvSnFBNE5LSGhKM0s4elhpbXdUNi0xUQ?oc=5,62,"Run stock trading app, CFD equities or options education campaign.",US equities and options conversations are active around market movers.,We can package active stock-trading topics and creators for your brokerage.,Public intent signal only. Not a personal contact record.,"Review source, identify author/company/channel, then enrich only through lawful public or vendor sources"
