lead_id,feed_date,last_seen_at,freshness_tier,lead_type,target_product,market,language,source_type,source_url,public_author,activity_signal,intent_signal,activity_score,compliance_status,recommended_offer,next_action
RSS-2026-07-06-gold-silver-oil-m30-gold-trading-automation-how-xauusd-bots-are-capturing-mid-timeframe-,2026-07-06,2026-07-06T01:41:28.000Z,hot_24h,Public News Intent Signal,Metals / Energy CFD,Global,English,Google News RSS public search,https://news.google.com/rss/articles/CBMib0FVX3lxTE1VV3NHeU5QUThuYUN1NW1rTmwxNGtBZlNCQVVwQ2JjQkNLZUJlNk56RlJBYmczbkdrclEzMW1nLUVTX3JsWm5NVk9YN0gtSGdhdERuZTZBRzdOWVN5NEtrbFRzU3ZSZlNoZW5weS1wQQ?oc=5,gritdaily.com,M30 Gold Trading Automation: How XAUUSD Bots Are Capturing Mid-Timeframe Opportunities That Manual Traders Miss - gritdaily.com,Matched public news query: gold trading XAUUSD,90,public_news_signal_no_contact_data,"Gold, silver and oil CFD sample feed","Review source, identify author/company/channel, then enrich only through lawful public or vendor sources"
RSS-2026-07-06-fx-mt4-mt5-eurusd-declines-amid-signs-of-renewed-positive-momentum-analysis-06-07-2,2026-07-06,2026-07-06T01:31:00.000Z,hot_24h,Public News Intent Signal,FX,Global,English,Google News RSS public search,https://news.google.com/rss/articles/CBMi5gFBVV95cUxQZk13VlByNmZob0x4MzdWVXI1Smd3cjMtUVRoZTB1WDlEeEo2azhORjBZZnItRWJTZWpzM2p1VHlDQzc4SHphNmp6cG5xQUUybXVSUXU5a2hSR0Q2QUljUVdCMXJkZGxTQUxBbkgxS1hYTURxOWhEel9jVVBiVy0xdHFpT1FwVFRXQmtGSWd3ekZiVGVGVTJYLTJ5WjZDdEdOWW93YlR4OTBFeWdwaGdxWTE2amdUb3MwMXN6a0dxUmlYdDA2VExNYTNCWG9pcTZxM2owQi1lYVp4QVZRNlBWUDFLeTU5UQ?oc=5,Economies.com,EURUSD Declines Amid Signs of Renewed Positive Momentum – Analysis – 06-07-2026 - Economies.com,Matched public news query: EURUSD trading,82,public_news_signal_no_contact_data,MT5 demo account onboarding,"Review source, identify author/company/channel, then enrich only through lawful public or vendor sources"
RSS-2026-07-06-gold-silver-oil-gold-xauusd-price-forecast-can-fed-minutes-lift-gold-above-the-52-week-m,2026-07-06,2026-07-05T21:11:00.000Z,hot_24h,Public News Intent Signal,Metals / Energy CFD,Global,English,Google News RSS public search,https://news.google.com/rss/articles/CBMiwgFBVV95cUxPTGJueVlpbDFBTENKZUVLbTNfakpjbjJIWUZUSm5mTjI4TjV1LXl3bzVoR05tY1B1MnlYMHlwa05uR1lSN25TRnBPSG1rV1Vkd3AwTjhfS3U0VjViR0t3REVtYUZYNHc5YmkwSVdtano4dTRKMTZ0U3diZ1BoamtFSWNzUGxXZk0zVzljRXhQRFAxUEZ3Z0dVX2VxaFBfd2tRZURaWVJKSW1EaTV0QjVlY0M1OWNLS05YcUFXRUVpelVSZw?oc=5,FXEmpire,Gold (XAUUSD) Price Forecast: Can Fed Minutes Lift Gold Above the 52-Week MA? - FXEmpire,Matched public news query: gold trading XAUUSD,82,public_news_signal_no_contact_data,"Gold, silver and oil CFD sample feed","Review source, identify author/company/channel, then enrich only through lawful public or vendor sources"
RSS-2026-07-06-crypto-futures-bitcoin-price-spikes-near-64-000-as-short-sellers-get-liquidated-yahoo-f,2026-07-06,2026-07-06T01:04:00.000Z,hot_24h,Public News Intent Signal,Crypto Futures,Global,English,Google News RSS public search,https://news.google.com/rss/articles/CBMimAFBVV95cUxPeEl1TmZ0NENTRVU5a2J5Z2JsekcwWlljbGx4SWZZNHM2Ty1qdFFKdVpBaDZxUjJRQzl3ek1qaHFtWEFtZkF6OW9PaFNQLUc2Zy1ldndPMHQ5NFdUT0ZFby00ZkgtUDF5OS0wQ2pSTXZDeWRyS0FFMzA4Ymc5a2tjVVdxYkNwUFhmX1dmQnVJN3l1cGdGWWR3SQ?oc=5,Yahoo Finance,"Bitcoin Price Spikes Near $64,000 as Short Sellers Get Liquidated - Yahoo Finance",Matched public news query: bitcoin liquidation,82,public_news_signal_no_contact_data,Crypto futures demo and exchange affiliate offer,"Review source, identify author/company/channel, then enrich only through lawful public or vendor sources"
RSS-2026-07-06-affiliate-ib-crypto-trader-turns-750-into-270-000-in-2-days-cryptonews-net,2026-07-06,2026-07-05T21:33:04.000Z,hot_24h,Public News Intent Signal,Affiliate / IB,Global,English,Google News RSS public search,https://news.google.com/rss/articles/CBMiWkFVX3lxTE8wd1F3d0x4NUtfWXVRUlpMa0E0X3FURjJzQVUzN2dFRlU4c3ZpWFp0WENBV0RYbloyLThhM29WNmdwV0dIdy1BOEhaWmF4aDBVNi03SnYycjRndw?oc=5,Cryptonews.net,"Crypto trader turns $750 into $270,000 in 2 days - Cryptonews.net",Matched public news query: crypto trading community,82,public_news_signal_no_contact_data,IB and affiliate partnership proposal,"Review source, identify author/company/channel, then enrich only through lawful public or vendor sources"
MKT-2026-07-06-binancecoin,2026-07-06,2026-07-06T04:05:37.000Z,hot_24h,Market Signal,Crypto Futures,Global,Multi,CoinGecko public API,https://www.coingecko.com/en/coins/binancecoin,,BNB 24h change 2.60%,Crypto volatility campaign trigger,70,market_signal_no_personal_data,Crypto futures trader feed,Package crypto futures audience and creator topics
RSS-2026-07-06-gold-silver-oil-gold-forecast-xau-usd-extends-post-nfp-gains-forex-com,2026-07-06,2026-07-03T15:10:24.000Z,warm_72h,Public News Intent Signal,Metals / Energy CFD,Global,English,Google News RSS public search,https://news.google.com/rss/articles/CBMikgFBVV95cUxQSEh5eVRYNmVyX1A2LUlOZzhSYjYyZlFSVWNRS2szRW4tdl82MkVOTDVKNUdPYzRYdkdXT1pJYUFIODhKbHN5TFduVHltMy1EYThKbWVXWFAxTHR1WHFxMmV6czVzdmhrbElXaS1ucmt4c0wtRXdMUDlxVUFRVDNIVGJLeXRaSTV5eEJtdERpWm9IQQ?oc=5,FOREX.com,Gold forecast: XAU/USD extends post NFP gains - FOREX.com,Matched public news query: gold trading XAUUSD,70,public_news_signal_no_contact_data,"Gold, silver and oil CFD sample feed","Review source, identify author/company/channel, then enrich only through lawful public or vendor sources"
RSS-2026-07-06-gold-silver-oil-gold-price-forecast-july-2026-navigating-xauusd-amid-fed-policy-shifts-a,2026-07-06,2026-07-03T12:14:42.000Z,warm_72h,Public News Intent Signal,Metals / Energy CFD,Global,English,Google News RSS public search,https://news.google.com/rss/articles/CBMifkFVX3lxTE9fUkRlekt6V3NBY3h0Xzl6RXRkOUJzd2J3Z1RmZjdVTTZpSGJIM1RETXl6NTRsWDZrRkFDYkRJeDQ3bFZqZ01XTkVqd2VZcjhnbkRCVzliX2FqRDJsSGhqV0J2dGdoR0lSV0hPUDB3T0hUaUZfZFdveTM4RmNMUQ?oc=5,Intellectia AI,Gold Price Forecast July 2026: Navigating XAUUSD Amid Fed Policy Shifts and Market Uncertainty - Intellectia AI,Matched public news query: gold trading XAUUSD,70,public_news_signal_no_contact_data,"Gold, silver and oil CFD sample feed","Review source, identify author/company/channel, then enrich only through lawful public or vendor sources"
RSS-2026-07-06-gold-silver-oil-live-gold-trading-xauusd-live-btcusdlive-crypto-goldtrading-livetrading-,2026-07-06,2026-07-03T23:07:28.000Z,warm_72h,Public News Intent Signal,Metals / Energy CFD,Global,English,Google News RSS public search,https://news.google.com/rss/articles/CBMiW0FVX3lxTE5KUTFOTUl2ZDJPT3FFWG1FMFJhNjNzRGZha01MbnF4MklqQTY0eFFfVnZ1MURRS3gxZ2NkZzlseFZHSkZaWVVueTREMVFOcFRFeTIzN3ZQRW5QYXM?oc=5,Mshale,🔴LIVE GOLD TRADING /XAUUSD LIVE /BTCUSDLIVE #crypto #goldtrading #livetrading #gold@Tradewithrakhi Arch Manning (T6GlJzLmiy) - Mshale,Matched public news query: gold trading XAUUSD,70,public_news_signal_no_contact_data,"Gold, silver and oil CFD sample feed","Review source, identify author/company/channel, then enrich only through lawful public or vendor sources"
RSS-2026-07-06-gold-silver-oil-oil-trading-hours-best-time-to-trade-crude-oil-brent-and-wti-tmgm,2026-07-06,2026-07-03T07:00:00.000Z,warm_72h,Public News Intent Signal,Metals / Energy CFD,Global,English,Google News RSS public search,https://news.google.com/rss/articles/CBMic0FVX3lxTE5sMmR4ZV9paG9WM2tEWkxpV2dsWGtlbThITDcyaHhvUFY0bTZkbVo4MGFRdWdCemFCaHpRS0tnWEFNUVVNd21xODlfOUdBeElYcnBSSWZpZngyRGR6Vjc0MjVhRlpRWnFhZ1JFdkVOVHhjZ1U?oc=5,TMGM,Oil Trading Hours: Best Time to Trade Crude Oil (Brent and WTI) - TMGM,Matched public news query: crude oil trading WTI,70,public_news_signal_no_contact_data,"Gold, silver and oil CFD sample feed","Review source, identify author/company/channel, then enrich only through lawful public or vendor sources"
RSS-2026-07-06-gold-silver-oil-oil-uscrude-price-forecast-for-today-tomorrow-next-week-and-next-30-days,2026-07-06,2026-07-03T07:00:00.000Z,warm_72h,Public News Intent Signal,Metals / Energy CFD,Global,English,Google News RSS public search,https://news.google.com/rss/articles/CBMinwFBVV95cUxQcm51RHFTMGNQcnB2aFl5bjNQQzFXUVVHckh1eW1IVktpM0lfaXlCQ2p6RF9nYWxkajlxb2R2V0lkRi1FNnljalUwMlhaU2FFT2dCUDBwem9tVG14Y1FXZGVKbWJvSm0xNlVVZ1BwdTItWnJkOTF3TnFTU2FQLWZibmhXRXlnX2RJY25leTB2ekVVUHZMZS1zbjBhWkNJLWs?oc=5,LiteFinance,"Oil (USCrude) Price Forecast for Today, Tomorrow, Next Week, and Next 30 Days - LiteFinance",Matched public news query: crude oil trading WTI,70,public_news_signal_no_contact_data,"Gold, silver and oil CFD sample feed","Review source, identify author/company/channel, then enrich only through lawful public or vendor sources"
RSS-2026-07-06-crypto-futures-cme-group-crypto-futures-trading-volume-jumps-76-year-over-year-in-june-,2026-07-06,2026-07-03T14:22:27.000Z,warm_72h,Public News Intent Signal,Crypto Futures,Global,English,Google News RSS public search,https://news.google.com/rss/articles/CBMiV0FVX3lxTE5nSjhPOUY0WF9MbDlaZ2FZVkl0M0VpMUNOMmFoSGJ2VWgxWG1fdmkxTzYzLThMT3l1ZWJTNmNUVVlKd2tXOXlfMjJGVWF1c3BscTFsdlNmSQ?oc=5,Cryptonews.net,CME Group crypto futures trading volume jumps 76% year-over-year in June - Cryptonews.net,Matched public news query: crypto futures trading,70,public_news_signal_no_contact_data,Crypto futures demo and exchange affiliate offer,"Review source, identify author/company/channel, then enrich only through lawful public or vendor sources"
RSS-2026-07-06-stocks-options-ai-crypto-stock-trading-app-simplifies-automated-investing-ari-the-natio,2026-07-06,2026-07-04T04:44:17.000Z,warm_72h,Public News Intent Signal,Stocks / Options,Global,English,Google News RSS public search,https://news.google.com/rss/articles/CBMirgFBVV95cUxQMnpPNHJERGtmaWlmckxLMTRHb2YxQXo4UVBjNjJ0NmJMaVJjOFlQR0xSUG9ST0VEZWtWRm5MRFBDemNHV1J0eHp6aDVPLURxZW1LSXZzNEgwX1BQMWJHVWxQVlF0Y3BQZUNHSEZjRGJCZXhNalMzU3F0dV9OMUVGTmZuMFBMZVBEN0pFdmZqQXE2bW1BMjU3azlsTlJicFBBTDVyN1NtWE92emoxdWc?oc=5,The National Law Review,AI Crypto & Stock Trading App Simplifies Automated Investing: Ari - The National Law Review,Matched public news query: stock trading app,70,public_news_signal_no_contact_data,Stock broker comparison and signup flow,"Review source, identify author/company/channel, then enrich only through lawful public or vendor sources"
RSS-2026-07-06-stocks-options-tsla-stock-climbs-premarket-but-gary-black-says-rising-oil-bond-yields-m,2026-07-06,2026-07-04T17:11:17.000Z,warm_72h,Public News Intent Signal,Stocks / Options,Global,English,Google News RSS public search,https://news.google.com/rss/articles/CBMiyAFBVV95cUxQRERkT3NwWklaN2wwamtwaWI4bDdaamp0cnYtOUphbHdFVlRxNThQMWxNbU1zRzBEUlJsY1pZRmVwZTNHdEZPWk1LY1FZenhZLTJsZ2xFbEtlVjNrQUNrdmJoNVFkR0JLTTdXWGJZTE8yRXZvZ1BoWDFZblJ6alU0aVNzekl4T05uN1oxSkNhMnV2YllWVmVybUxDbFNwTXlxV3BBNkNlUWUwMVl0ajF3M0E5TjlxMGlSSFJCbzZwOEExZEtrQmZENA?oc=5,Stocktwits,"TSLA Stock Climbs Premarket, But Gary Black Says Rising Oil, Bond Yields Make NVDA, GOOG, META Cheaper Bets - Stocktwits",Matched public news query: NVDA TSLA trading,70,public_news_signal_no_contact_data,Stock broker comparison and signup flow,"Review source, identify author/company/channel, then enrich only through lawful public or vendor sources"
RSS-2026-07-06-stocks-options-nasdaq-s-p-500-futures-edge-higher-ahead-of-fed-minutes-why-nvda-tsla-aa,2026-07-06,2026-07-03T08:16:10.000Z,warm_72h,Public News Intent Signal,Stocks / Options,Global,English,Google News RSS public search,https://news.google.com/rss/articles/CBMizAFBVV95cUxPOUx1U2xJdXNyeWgxY0ZmNERFNDEzYW1lSzBoX3cwV2lNRVkzOGdRcDRjUVUtLXJNem9UUjJBdE9yekd2QjRpcjBJNTZKV2NMTlNaa21YTlUxSHhrc2xMdkFfaHRJRU9ZREF4M0huemFiMkZRcTZQU3hmSHVuUm0zUFZ4NWNDWUc2bElRVUFKM3lBRjRNQlY1SG01eE1oWm5PcUpkUjM4a3d1YkZPVHdTWlMxa3BvZnBvYlhwTGZSRG9yemQtVHFvMVBuRG0?oc=5,Stocktwits,"Nasdaq, S&P 500 Futures Edge Higher Ahead Of Fed Minutes: Why NVDA, TSLA, AAPL, APLD, PANW Are On Traders' Radar Today - Stocktwits",Matched public news query: NVDA TSLA trading,70,public_news_signal_no_contact_data,Stock broker comparison and signup flow,"Review source, identify author/company/channel, then enrich only through lawful public or vendor sources"
MKT-2026-07-06-bitcoin,2026-07-06,2026-07-06T04:05:37.000Z,hot_24h,Market Signal,Crypto Futures,Global,Multi,CoinGecko public API,https://www.coingecko.com/en/coins/bitcoin,,Bitcoin 24h change 0.94%,Crypto volatility campaign trigger,64,market_signal_no_personal_data,Crypto futures trader feed,Package crypto futures audience and creator topics
MKT-2026-07-06-ethereum,2026-07-06,2026-07-06T04:05:37.000Z,hot_24h,Market Signal,Crypto Futures,Global,Multi,CoinGecko public API,https://www.coingecko.com/en/coins/ethereum,,Ethereum 24h change 1.04%,Crypto volatility campaign trigger,64,market_signal_no_personal_data,Crypto futures trader feed,Package crypto futures audience and creator topics
MKT-2026-07-06-ripple,2026-07-06,2026-07-06T04:05:37.000Z,hot_24h,Market Signal,Crypto Futures,Global,Multi,CoinGecko public API,https://www.coingecko.com/en/coins/ripple,,XRP 24h change 0.76%,Crypto volatility campaign trigger,63,market_signal_no_personal_data,Crypto futures trader feed,Package crypto futures audience and creator topics
RSS-2026-07-06-fx-mt4-mt5-sterling-capital-technologies-introduces-verified-eur-usd-hedging-strate,2026-07-06,2026-07-04T07:13:18.000Z,warm_72h,Public News Intent Signal,FX,Global,English,Google News RSS public search,https://news.google.com/rss/articles/CBMizgFBVV95cUxNZVU2TFhiTWZ1ZGhpYlhTQ2drQWpyNEpaSEhEdjM3UXh0U0hXeHdLeEpfLWFLaVpqcGN5RUVvWVR2RGxmNFVwOF9kV21xNnNkQVZwNnM3bjhINW5sQl95ZHhMdmkwN2tSTlVlVXd3cnB4TFFETUEwYnFWTHEySW5xb3NTLXctZ1M3b0trUGJJMUdhcElyVFl5VVhuczkzNmIwLWZ1aW1GN1laXy1aQVZTSWN3bmhlc2pzQ3NPSFFNWXMzV3BwZmtLR19VcXExQQ?oc=5,markets.businessinsider.com,Sterling Capital Technologies Introduces Verified EUR/USD Hedging Strategy - markets.businessinsider.com,Matched public news query: EURUSD trading,62,public_news_signal_no_contact_data,MT5 demo account onboarding,"Review source, identify author/company/channel, then enrich only through lawful public or vendor sources"
RSS-2026-07-06-fx-mt4-mt5-eurusd-daily-trade-setup-30-6-26-for-fx-eurusd-by-tickmill-tradingview,2026-07-06,2026-06-30T12:27:46.000Z,cooling_7d,Public News Intent Signal,FX,Global,English,Google News RSS public search,https://news.google.com/rss/articles/CBMiiwFBVV95cUxPWUtfM01xY05SMFFqdEhtX0QzVFNOdDdDZ0s1c2k1NHB2RVMwQ2cxQWN0c0s2c1RKYUp2MURkOE5fTW16Q0JWNE13VlUtSWpucWo3YlJzWEk3cUpPXzRoZFNUTVlHU0JGRElpNkJEUC1RdnR4dnJhUmRTYURTS0FaOUpVYURUYWtCZWtn?oc=5,TradingView,EURUSD Daily Trade Setup 30/6/26 for FX:EURUSD by Tickmill - TradingView,Matched public news query: EURUSD trading,62,public_news_signal_no_contact_data,MT5 demo account onboarding,"Review source, identify author/company/channel, then enrich only through lawful public or vendor sources"
RSS-2026-07-06-fx-mt4-mt5-eur-usd-eurusd-surges-0-64-on-jul-2-what-you-need-to-watch-tradingkey,2026-07-06,2026-07-02T12:35:11.000Z,cooling_7d,Public News Intent Signal,FX,Global,English,Google News RSS public search,https://news.google.com/rss/articles/CBMijgFBVV95cUxOMV93QmJXdnBmYkQ5LV9SV2xIMFg0N0hraFJmREYtWHJCOVNhRVBtUUMxTVowZjFNVDMtNFRzc2U5STJYNktTUEFaanpjSGpHQlRZMTZXWjlNQkEyQlRWMzR1UE9SRnBJcEliV3ViN1pha3VvRVdueTZFYjR5WHkwenVuUXhUOHNOcFFoUVhn?oc=5,TradingKey,EUR/USD (EURUSD) Surges 0.64% on Jul 2: What You Need to Watch - TradingKey,Matched public news query: EURUSD trading,62,public_news_signal_no_contact_data,MT5 demo account onboarding,"Review source, identify author/company/channel, then enrich only through lawful public or vendor sources"
RSS-2026-07-06-gold-silver-oil-gold-price-forecast-xau-usd-finds-acceptance-above-4-000-but-us-nfp-hold,2026-07-06,2026-07-02T03:36:55.000Z,cooling_7d,Public News Intent Signal,Metals / Energy CFD,Global,English,Google News RSS public search,https://news.google.com/rss/articles/CBMixwFBVV95cUxQNzNpLTR4em5aN3RCR2NyanpJTFc3RHlMa3R4akl6VUVtTHhPamxLNm4wQ05xM05ueVBtZWpGbnc4V2hHYWVaWDNfZmV0bGJMLUZ3RlNISkJQckpWZVB5SS04NnZqa2FzRG1IUFBHc1lmcDcwQ19IVzV6cWU3dmdXdU0tcFhacVBmVDBXUi13cHhCTjd6dlJOYTB2SHo5WV8welE1OXpIcXpCSl9xcDdHYkNxaVJ0c05RU3lqZzgzZEJublhxbUI0?oc=5,FXStreet,"Gold Price Forecast: XAU/USD finds acceptance above $4,000, but US NFP holds the key - FXStreet",Matched public news query: gold trading XAUUSD,62,public_news_signal_no_contact_data,"Gold, silver and oil CFD sample feed","Review source, identify author/company/channel, then enrich only through lawful public or vendor sources"
RSS-2026-07-06-gold-silver-oil-gold-trading-strategy-2026-how-to-trade-xauusd-effectively-thinkmarkets,2026-07-06,2026-07-02T02:02:19.000Z,cooling_7d,Public News Intent Signal,Metals / Energy CFD,Global,English,Google News RSS public search,https://news.google.com/rss/articles/CBMikAFBVV95cUxQUUdCallONDlDWjFjUjdXTDBzc0RoZTB3dU5jUVUtOVBvXzhPZWJOZFRHVjY4WGYxTFF0d3RXZDlqNi1tS3NJMk9MbWZQTFA0YmIyOVo4aDR5NXptUEMzMm5sSmJIVjhzRE9uUjZoZVhucHlXeXpmbzBwQmI2SFpTM0R1Zmc3QUJtUmc1OGVhQTA?oc=5,ThinkMarkets,Gold trading strategy 2026: How to trade XAUUSD effectively - ThinkMarkets,Matched public news query: gold trading XAUUSD,62,public_news_signal_no_contact_data,"Gold, silver and oil CFD sample feed","Review source, identify author/company/channel, then enrich only through lawful public or vendor sources"
RSS-2026-07-06-gold-silver-oil-gold-price-forecast-xau-usd-holds-near-4-000-as-bulls-defend-ytd-lows-cr,2026-07-06,2026-06-30T12:45:21.000Z,cooling_7d,Public News Intent Signal,Metals / Energy CFD,Global,English,Google News RSS public search,https://news.google.com/rss/articles/CBMihgFBVV95cUxONTlYNFpUNC1rV0NuSTNsdUVkdHZwQnR4dEM2VTZ6ZENoYm9QQVp2b05KMllqQ0MwWHpyVFB2b3dYR0hFOVliNFJfUzgxYkhOWEc4TFFPZFAzNU1hZU1mSlJkTThVSldaUkhOYlBVLWxDLVRxRm8tc2ZXbm9SUlVqRU1KLVB5dw?oc=5,CryptoRank,"Gold Price Forecast: XAU/USD Holds Near $4,000 as Bulls Defend YTD Lows - CryptoRank",Matched public news query: gold trading XAUUSD,62,public_news_signal_no_contact_data,"Gold, silver and oil CFD sample feed","Review source, identify author/company/channel, then enrich only through lawful public or vendor sources"
RSS-2026-07-06-gold-silver-oil-silver-price-forecast-xag-usd-breaks-above-60-00-as-fed-tone-softens-cry,2026-07-06,2026-07-02T05:11:02.000Z,cooling_7d,Public News Intent Signal,Metals / Energy CFD,Global,English,Google News RSS public search,https://news.google.com/rss/articles/CBMihgFBVV95cUxQdjlqYkptcHpUSlZrMFRGdWFBb0NMX3o3d2hkT1ZZU096T2txUHpST2ZpSlpzNlN2bWpwaWpmTjRQX1hxdXk1bXF1aGczbkZDZTRCTkJmZlBOSzctMUI2NTJUZXJtcWdFQzRoMVNieHpIT0lveTBtRGFDVFNXZFpyOF95dEZkZw?oc=5,CryptoRank,Silver Price Forecast: XAG/USD Breaks Above $60.00 as Fed Tone Softens - CryptoRank,Matched public news query: silver trading XAGUSD,62,public_news_signal_no_contact_data,"Gold, silver and oil CFD sample feed","Review source, identify author/company/channel, then enrich only through lawful public or vendor sources"
RSS-2026-07-06-gold-silver-oil-gram-silver-vs-usd-tradingview,2026-07-06,2026-06-30T14:18:19.000Z,cooling_7d,Public News Intent Signal,Metals / Energy CFD,Global,English,Google News RSS public search,https://news.google.com/rss/articles/CBMiaEFVX3lxTFA2LUMxbEl3MmJfX1dVdW1wWXhWc0JydVdpYjZaTm5kSnlTaTNFZmlTMU9hNEFFZzdaaHJBenNjWDA3cFloQ3NjUGtaaWxoSHlhMU5RTEZFT1A1MlhjU1l4RUEzaVJlb1dw?oc=5,TradingView,Gram Silver vs. USD - TradingView,Matched public news query: silver trading XAGUSD,62,public_news_signal_no_contact_data,"Gold, silver and oil CFD sample feed","Review source, identify author/company/channel, then enrich only through lawful public or vendor sources"
RSS-2026-07-06-gold-silver-oil-wti-and-brent-prices-decline-after-recent-gains-forbes,2026-07-06,2026-07-03T15:27:00.000Z,warm_72h,Public News Intent Signal,Metals / Energy CFD,Global,English,Google News RSS public search,https://news.google.com/rss/articles/CBMiakFVX3lxTE0zbGdnNE5iUG5XWGtzTjBLVkppRGlTVFBna0pZZld3RVFpa2drNlROOW5QLXdqODFGdFY2ZU1Md1NFcDRVcFJmNC0wNGFvSTVhQm4tVzZhbmtxSDhnYUtpNUV4bVNaUDN5a2c?oc=5,Forbes,WTI And Brent Prices Decline After Recent Gains - Forbes,Matched public news query: crude oil trading WTI,62,public_news_signal_no_contact_data,"Gold, silver and oil CFD sample feed","Review source, identify author/company/channel, then enrich only through lawful public or vendor sources"
RSS-2026-07-06-gold-silver-oil-wti-crude-oil-futures-fall-as-hormuz-transit-resumes-cme-group,2026-07-06,2026-06-30T07:00:00.000Z,cooling_7d,Public News Intent Signal,Metals / Energy CFD,Global,English,Google News RSS public search,https://news.google.com/rss/articles/CBMirAFBVV95cUxNUms1TFVvSVNXZjFGZ3ZBWHZPT2FhSVo4Sk9VQklYbEtUUDJ4ZU9LM2FybTcyM2NtZ19SOGpNR0hCSVFsUGxobXpaeFNva1NBOG1sT1dlQmM4WTVoY01rWFgwaVQtaEJGa3h0TjZoakZ4Z1dFMjgxR3gwYkx3WDEtdHJnS29rSDN5d2dtWUNxRzJZbmpKNWlKdTFGckhDN19BMkh1aDlCbmdTTmts?oc=5,CME Group,WTI Crude Oil futures fall as Hormuz transit resumes. - CME Group,Matched public news query: crude oil trading WTI,62,public_news_signal_no_contact_data,"Gold, silver and oil CFD sample feed","Review source, identify author/company/channel, then enrich only through lawful public or vendor sources"
RSS-2026-07-06-gold-silver-oil-crude-oil-price-forecast-h2-2026-will-oversupply-push-wti-back-to-55-sto,2026-07-06,2026-06-29T19:41:00.000Z,cooling_7d,Public News Intent Signal,Metals / Energy CFD,Global,English,Google News RSS public search,https://news.google.com/rss/articles/CBMitgFBVV95cUxNMUhUVXpKT2haV3NidFFTYVd1TXkyZERkVERqelRvRDBiMlpfclZkdmZSa216UDAzNGdKaEVaUktOdXZHUXhFTV9oU1BodE02REs3Ykp4bjNGUVNvbjFfblRDdXBrR1htRTg0ekRkRkRrVWdjU3lwZkRrTHo2dlAtbFJRY0xmcmxvTC1XdWljSUdkd3hUbXNJQXZfR1VkTEt6S2Z1elJPZVJHbmUyWUNDZklkYm5Sdw?oc=5,StoneX,Crude Oil Price Forecast H2 2026: Will Oversupply Push WTI Back to $55? - StoneX,Matched public news query: crude oil trading WTI,62,public_news_signal_no_contact_data,"Gold, silver and oil CFD sample feed","Review source, identify author/company/channel, then enrich only through lawful public or vendor sources"
RSS-2026-07-06-crypto-futures-cryptocurrency-futures-definition-how-to-trade-risks-encyclopedia-britan,2026-07-06,2026-07-01T07:00:00.000Z,cooling_7d,Public News Intent Signal,Crypto Futures,Global,English,Google News RSS public search,https://news.google.com/rss/articles/CBMiZkFVX3lxTE9qcWJLWGM2aW5nN0FpSERZb3dhU0FjZC12YS11THhibTZqWmRubmE4eklJSERSOE9xOHZ6a2hDcmdvMURyaHFxdDJvaDlPZ0dzUDhmd1pHYlVhM1Z5YVFlbFkzeFhwUQ?oc=5,Encyclopedia Britannica,"Cryptocurrency Futures: Definition, How to Trade, & Risks - Encyclopedia Britannica",Matched public news query: crypto futures trading,62,public_news_signal_no_contact_data,Crypto futures demo and exchange affiliate offer,"Review source, identify author/company/channel, then enrich only through lawful public or vendor sources"
RSS-2026-07-06-crypto-futures-trading-in-perpetual-futures-hit-1-billion-on-kalshi-in-the-first-week-h,2026-07-06,2026-07-02T09:18:00.000Z,cooling_7d,Public News Intent Signal,Crypto Futures,Global,English,Google News RSS public search,https://news.google.com/rss/articles/CBMinAFBVV95cUxQN3lmRHpQZTRfLWhRSlJMclNhTk9sRnNycVFKU1NQTVBQZ0RXaVhWU3F3UENXMjFZdzdWdHF3SkxYOUx6UEVXb0JTdFVfWW1PM0Y0TlF4VXQ3S0ZtU3N3bi1BYjBIYnByWEVVdjlic0tmZURtWmM1MzV6bFJ0RG4xM3drVlc2Q2hZVEhBdHB1ZDZlRE9ZVVVUcEdkdlo?oc=5,Yahoo Finance,Trading in Perpetual Futures Hit $1 Billion on Kalshi in the First Week. Here's What That Means for the Crypto Market - Yahoo Finance,Matched public news query: crypto futures trading,62,public_news_signal_no_contact_data,Crypto futures demo and exchange affiliate offer,"Review source, identify author/company/channel, then enrich only through lawful public or vendor sources"
RSS-2026-07-06-crypto-futures-trading-in-perpetual-futures-hit-1-billion-on-kalshi-in-the-first-week-h,2026-07-06,2026-07-02T09:58:00.000Z,cooling_7d,Public News Intent Signal,Crypto Futures,Global,English,Google News RSS public search,https://news.google.com/rss/articles/CBMimAFBVV95cUxQV1hWTXdaamJucDdFcEU5TnFiZlZLcHg5X3pOV1J2cThhVXZxUGRKOGxuNVFjMmRQTG1WMWZ1S3NoYzFTRFNnakVoY0NCVVFsY1psVGt2TDNmRWJkQXpSVnhJME9qQk5pNGVfQ0JfdXJiLVA0OXBTR0ZnV0V1UGhvWVVZRHRyV1BvTFVTSUw0QTJFcC12anRvUg?oc=5,The Motley Fool,Trading in Perpetual Futures Hit $1 Billion on Kalshi in the First Week. Here's What That Means for the Crypto Market. - The Motley Fool,Matched public news query: crypto futures trading,62,public_news_signal_no_contact_data,Crypto futures demo and exchange affiliate offer,"Review source, identify author/company/channel, then enrich only through lawful public or vendor sources"
RSS-2026-07-06-crypto-futures-robinhood-accelerates-global-expansion-with-robinhood-chain-mainnet-stoc,2026-07-06,2026-07-01T20:40:37.000Z,cooling_7d,Public News Intent Signal,Crypto Futures,Global,English,Google News RSS public search,https://news.google.com/rss/articles/CBMiyAFBVV95cUxOMlhyNTAxQlpzMUF0Yk9Ha1lCTzIyQ2c0NU1xVEVDTzBCZ01JUTlkUTlhV0g3TEdwaVpBNjNKN1pOX0ZlMWlQVEdqVDV6Wk5zek5zaEVuSkdYMkxMaUlDVnpQNTlDV3NxLURQcEdPZ0gyRms0SFRRR0p1LVR4SnhhNGRmYjdSR01BQnhGWVczUlkyU3l2ZG5xN1VCNXNGZTVOS1doOHFSWmZtMHZ1WDZxdEhyNU5iUWNtSXpNdDFOMV9pLU5UU09ZSQ?oc=5,Robinhood,"Robinhood Accelerates Global Expansion with Robinhood Chain Mainnet, Stock Tokens, Agentic Trading and New Suite of DeFi Products - Robinhood",Matched public news query: crypto futures trading,62,public_news_signal_no_contact_data,Crypto futures demo and exchange affiliate offer,"Review source, identify author/company/channel, then enrich only through lawful public or vendor sources"
RSS-2026-07-06-crypto-futures-bitcoin-liquidation-heatmap-points-to-62k-rally-before-possible-50k-corr,2026-07-06,2026-07-01T08:16:00.000Z,cooling_7d,Public News Intent Signal,Crypto Futures,Global,English,Google News RSS public search,https://news.google.com/rss/articles/CBMi0wFBVV95cUxPYURzWjFoY21GMU80cnJtZ3hWQzZWOWRsdmVneGpkUVJjeXJ5OTdLRjc1ckNGR3gwdGtQVWhMOXpNdnp4QVlYZmV5WXRFMTVsVjJNVkItYTZPbWl4TEpDV0RJQ2JhaWdwMm9PdEJWd0NZbzdCSWtyemJZdzU0QlloSFNJR0dSdlpra0JzelZNMUxKS1dPTV8zTThMSFFCVTh1VFJ5Ymw5SEg2R1ZpQ0kyUzlZa19kbVFYZHdMZDQ4SEt4TS02cUxYdUd0T25kSUFSOHlN?oc=5,TradingView,Bitcoin Liquidation Heatmap Points to $62K Rally Before Possible $50K Correction - TradingView,Matched public news query: bitcoin liquidation,62,public_news_signal_no_contact_data,Crypto futures demo and exchange affiliate offer,"Review source, identify author/company/channel, then enrich only through lawful public or vendor sources"
RSS-2026-07-06-crypto-futures-bitcoin-reclaims-61-000-after-jobs-report-triggers-1-6b-liquidation-casc,2026-07-06,2026-07-01T23:18:49.000Z,cooling_7d,Public News Intent Signal,Crypto Futures,Global,English,Google News RSS public search,https://news.google.com/rss/articles/CBMif0FVX3lxTE1LbWJtZWlxRHphNjBIaENZWjNIVm92NUo4ckJmcmtjeEQ0bTBHN21xUjNSdEVLZk9WM29YMWktbHNZVlJjdHNFQ05JS2xmWlNzQkpEWVZZekVnbUx4TnVlTGVTMnZRc3dMT2RxU2hjRmpaTlQ4S1JrVFdfQVRrS3c?oc=5,Crypto Briefing,"Bitcoin reclaims $61,000 after jobs report triggers $1.6B liquidation cascade - Crypto Briefing",Matched public news query: bitcoin liquidation,62,public_news_signal_no_contact_data,Crypto futures demo and exchange affiliate offer,"Review source, identify author/company/channel, then enrich only through lawful public or vendor sources"
RSS-2026-07-06-crypto-futures-bitcoin-bounces-off-21-month-low-but-leverage-data-signals-caution-was-5,2026-07-06,2026-07-02T14:34:19.000Z,cooling_7d,Public News Intent Signal,Crypto Futures,Global,English,Google News RSS public search,https://news.google.com/rss/articles/CBMiWEFVX3lxTE16aGw0X3dTb2ptTEdsWlJOYUl3VmV4cWpMcmVBU3Vqd3pqNVc2VzdGXy1OdUg1MVgybENxcEdRak5yT2stTjhNZDkzRFdEekJpa1RGUFdqbXQ?oc=5,Cryptonews.net,"Bitcoin bounces off 21-month low, but leverage data signals caution: Was $57K the bottom? - Cryptonews.net",Matched public news query: bitcoin liquidation,62,public_news_signal_no_contact_data,Crypto futures demo and exchange affiliate offer,"Review source, identify author/company/channel, then enrich only through lawful public or vendor sources"
RSS-2026-07-06-crypto-futures-best-perp-dex-2026-complete-comparison-of-fees-security-features-cryptot,2026-07-06,2026-07-01T07:00:00.000Z,cooling_7d,Public News Intent Signal,Crypto Futures,Global,English,Google News RSS public search,https://news.google.com/rss/articles/CBMiYkFVX3lxTE9zeXlaX3Y0c0ZXZHZLVFo0ZTdoaURuSHgyTWxYV0RrODBneTJPTFhsTHpOeGpFZjFFUm1fUWR4X2RZTjZQLWp0QkVDRTVLN2hGdEVjVHVRSk5CWXhQQVRkeTFB?oc=5,CryptoTicker,"Best Perp DEX 2026: Complete Comparison of Fees, Security & Features - CryptoTicker",Matched public news query: perp trading exchange,62,public_news_signal_no_contact_data,Crypto futures demo and exchange affiliate offer,"Review source, identify author/company/channel, then enrich only through lawful public or vendor sources"
RSS-2026-07-06-stocks-options-best-investment-trading-apps-for-the-uk-in-2026-forbes,2026-07-06,2026-07-01T16:01:00.000Z,cooling_7d,Public News Intent Signal,Stocks / Options,Global,English,Google News RSS public search,https://news.google.com/rss/articles/CBMifkFVX3lxTFAwcmtZNWo2c1NnVm1WLTRqV0FmaFN1eUVfaTkxN3VIUGFxeU1tVDlhMW9DV3hzTlpJYUtQSEJxTTU0OTMwOGY1bzBvMnBxLXFFeHFBanE0YWhTNmJDUUNMV29jTk5ycmZ5YTkzM0VWZDJMcVYwblhKN2drNkdRdw?oc=5,Forbes,Best Investment Trading Apps For The UK In 2026 - Forbes,Matched public news query: stock trading app,62,public_news_signal_no_contact_data,Stock broker comparison and signup flow,"Review source, identify author/company/channel, then enrich only through lawful public or vendor sources"
RSS-2026-07-06-stocks-options-why-applovin-app-stock-is-trading-up-today-yahoo-finance,2026-07-06,2026-06-29T22:02:15.000Z,cooling_7d,Public News Intent Signal,Stocks / Options,Global,English,Google News RSS public search,https://news.google.com/rss/articles/CBMimwFBVV95cUxOcFhfV0s4TDhUVjQ4T2ZmOWxaWHZ4eDZXZGhEWXJjMFhuNTIxNTliYmhTcDEzb2dNZjFHajlsbU45bGtoczhrVlk0R1ZJVWpXbUdTQmNtcUR6TkVmMExDU3lrcmdrMDZJWDhUQ0lfM1N3Mm1LREZwZF9iZ3c0NTJZam5OZWhtcGhSNFZPWTNzLXVzanJobFZOaDdGTQ?oc=5,Yahoo Finance,Why AppLovin (APP) Stock Is Trading Up Today - Yahoo Finance,Matched public news query: stock trading app,62,public_news_signal_no_contact_data,Stock broker comparison and signup flow,"Review source, identify author/company/channel, then enrich only through lawful public or vendor sources"
RSS-2026-07-06-stocks-options-tech-bulls-lose-conviction-as-key-trading-metric-blows-out-to-the-widest,2026-07-06,2026-07-02T18:28:17.000Z,cooling_7d,Public News Intent Signal,Stocks / Options,Global,English,Google News RSS public search,https://news.google.com/rss/articles/CBMivAFBVV95cUxNdG94QzAtUWdFd2Q2MFhzWHFXQWU3c2ZVODdvcEZmZHEzNEtnalE0dG1rVmZJSEFrTXFtSkdYaGhZSGdWTjB6bjh4MjVWcEdkNGRlc2I5eEd3S2VtRHYyLUM1eTl1ME1lcU84MDBIVHd4MUFPaTYtblh2TnAzSmUtLVRlRkFkeWZuQzZzWEZYN0hBVGctMU1qREsyckhoQUlscW45dHdmWGVIZzVPZXJsS3piVTZKWVVqS3JVctIBwgFBVV95cUxPd1gtZE1SOUUtWlhqN0l4eF9jLWJkaWZmNGR4OWU3aTBlSGpza1VnRDFDT3hKVVVyVHlyUmZ5cjM4T3l6YlA5aS1Ta1NDd2dKR2VWZ3NyVHNXSHJ1UWs3QlJpaUdRZ2VldVhtdlhLbXFaWlo3a19KMlVteVAyRHNKdS05b3NoaThKRmR0MUpnVFdaMDlTY3ZySHItZ1JQaU1SZWUzUlE2bjgwN1k1anhpZ0gtb3Q0UWx5WGFYMkxDNTZIUQ?oc=5,CNBC,Tech bulls lose conviction as key trading metric blows out to the widest since 2008 - CNBC,Matched public news query: Nasdaq options trading,62,public_news_signal_no_contact_data,Stock broker comparison and signup flow,"Review source, identify author/company/channel, then enrich only through lawful public or vendor sources"
RSS-2026-07-06-stocks-options-spacex-stock-options-are-now-cheap-with-nasdaq-100-inclusion-upcoming-in,2026-07-06,2026-06-29T17:09:00.000Z,cooling_7d,Public News Intent Signal,Stocks / Options,Global,English,Google News RSS public search,https://news.google.com/rss/articles/CBMiswFBVV95cUxPX1ZPUlE0N0lfVHhHRHdWMVFPb0w4UHFWRjlJVWlMOHdIVHl3eGpKa3psMTBiaVZ1enl0MkdMeDhHbHNpQm9lNjlzOGIwbGFmSXItWldidjQwQzVEQUdJYzJUVWlCMTUyaGpYVzdqaVNtWWx6Z3pYT1V5RV9seUgwQVlRTGZPdkN6ZDBtam54bGFXUDVYSDBKYTQ4cUlxaDFCTnI4VHl6QU84bWVNbGt2STJYRQ?oc=5,Investor's Business Daily,SpaceX Stock Options Are Now Cheap With Nasdaq-100 Inclusion Upcoming - Investor's Business Daily,Matched public news query: Nasdaq options trading,62,public_news_signal_no_contact_data,Stock broker comparison and signup flow,"Review source, identify author/company/channel, then enrich only through lawful public or vendor sources"
RSS-2026-07-06-stocks-options-aerovironment-target-of-unusually-large-options-trading-nasdaq-avav-mark,2026-07-06,2026-07-02T16:43:23.000Z,cooling_7d,Public News Intent Signal,Stocks / Options,Global,English,Google News RSS public search,https://news.google.com/rss/articles/CBMivAFBVV95cUxNUF9BSnR2VUVHS05wdWxZaHg5SnVtUkMzTWRjeFZIcnM2cDE3NllSY3ZJaTlHb2IwSzBPckJwSEI3RmlFY3NXX2FHc0I1MWQ4eFpSekdJWF9Kd3E5aVlPcjRENWJiemdKVjVKZXQ5SnB3cnZaS1pidVRXQjdMN3FucWs1dUU0ZjY4bW10ZlpNVUtRUlllWkN6ZWo3WWlfSFpFdEQ4LUVjNk1ab3k3N1FkbDlqZ2dlZzg5T1JLSA?oc=5,MarketBeat,AeroVironment Target of Unusually Large Options Trading (NASDAQ:AVAV) - MarketBeat,Matched public news query: Nasdaq options trading,62,public_news_signal_no_contact_data,Stock broker comparison and signup flow,"Review source, identify author/company/channel, then enrich only through lawful public or vendor sources"
RSS-2026-07-06-stocks-options-nasdaq-composite-index-ixic-moomoo,2026-07-06,2026-07-02T19:17:03.000Z,cooling_7d,Public News Intent Signal,Stocks / Options,Global,English,Google News RSS public search,https://news.google.com/rss/articles/CBMitAJBVV95cUxPNGpCdVpuV18zRVpyM3o2WjNXZUNMSnhEQ1h4UUFjdUd0T3FadUtIMURIbFlKWnJEdGJaT2JjcXk4Unczb3owS0tQa1JEVkRtbDZrVGNocW1PSWptR1UyeXZTZ0Y1cWs0amFaUVlhcDVIQVZiYUlya3l5aS1RdnVRMXlSLV9jT0pqZ253YzJ6eG1rblhXQjFMNXRHZFl1MTRsX080TEgwVmh4bHBIbjEyV0lXYlZ4MzB0NS1rQ2dFOEVQbTNOMjZHY1FaZXdXMHk1V0RtSlJHVjNtQ1hqYXVlS2xySl9xUWdadGJVbG1kekx0eVJBZ0NLLXBmYTFBZ0U2b3Q0NnduUDM1REdfT0tBWV9GTHE1UHlVYndZME9CWXdNeHM3U2Jqc0xmVWcxODg5djRRbQ?oc=5,Moomoo,Nasdaq Composite Index (.IXIC) - Moomoo,Matched public news query: Nasdaq options trading,62,public_news_signal_no_contact_data,Stock broker comparison and signup flow,"Review source, identify author/company/channel, then enrich only through lawful public or vendor sources"
RSS-2026-07-06-stocks-options-caterpillar-is-trading-richer-than-nvidia-and-it-s-selling-bulldozers-nv,2026-07-06,2026-07-01T13:02:59.000Z,cooling_7d,Public News Intent Signal,Stocks / Options,Global,English,Google News RSS public search,https://news.google.com/rss/articles/CBMizgFBVV95cUxPWjk2UHdPcldzU2lxVXFGUlBicVNyZ1ozaHZvVGV5djNnNGZDc3NjRms0LTVnYlkybzRZUGF6a3NEblNJQTJrVmhwa0ViTWZWSE5GaFl0THpEeEJKTHd5NUtlNEhrTE5tLWt5UWR1ZXA5Q1p5bGp6dTM3aHJiOUNuLUdZYWhEVUstSTNzS01VTnBWeDdmVmVzQVBDeHo4OEliTllfQkZlalJYYm5wRUV0TjN1a0plQnJOaEExY180THNjTnpFUGVnSHlVNWRVQQ?oc=5,Benzinga,"Caterpillar Is Trading Richer Than Nvidia—And It's Selling Bulldozers - NVIDIA (NASDAQ:NVDA), Caterpillar - Benzinga",Matched public news query: NVDA TSLA trading,62,public_news_signal_no_contact_data,Stock broker comparison and signup flow,"Review source, identify author/company/channel, then enrich only through lawful public or vendor sources"
MKT-2026-07-06-solana,2026-07-06,2026-07-06T04:05:37.000Z,hot_24h,Market Signal,Crypto Futures,Global,Multi,CoinGecko public API,https://www.coingecko.com/en/coins/solana,,Solana 24h change 0.35%,Crypto volatility campaign trigger,61,market_signal_no_personal_data,Crypto futures trader feed,Package crypto futures audience and creator topics
RSS-2026-07-06-fx-mt4-mt5-the-8-best-forex-brokers-in-the-usa-cbs-news,2026-07-06,2026-02-20T08:00:00.000Z,stale,Public News Intent Signal,FX,Global,English,Google News RSS public search,https://news.google.com/rss/articles/CBMic0FVX3lxTE9RN0dRNjZfZVU4cWZVWTctbS1tV3VFcEhXVHhDRzRzbmNGdFR5VUhESFdpdTNSWEZrWXM5bkRqT19JMXBteTNRNnNkSjJpcno0SFREaXlKSWNuNm03R3NiS2NPNk9rbWxqcEFxQ0RGX1NMLWc?oc=5,CBS News,The 8 best forex brokers in the USA - CBS News,Matched public news query: forex broker MT5,56,public_news_signal_no_contact_data,MT5 demo account onboarding,"Review source, identify author/company/channel, then enrich only through lawful public or vendor sources"
RSS-2026-07-06-fx-mt4-mt5-what-is-mt5-a-beginner-s-guide-to-metatrader-5-trading-tradingview,2026-07-06,2026-01-16T08:00:00.000Z,stale,Public News Intent Signal,FX,Global,English,Google News RSS public search,https://news.google.com/rss/articles/CBMitAFBVV95cUxOQzJ2cm0zdUZKRUtCOVNDSmgzNFg1b3FTVlZWQllQSEhsbU5lYjQ0WXcxYWZlT20tbG1HcEl5cXhSTmlRWGR3UUpDdzFLelBjbTJyNkNPcldVVGJvUEozcTNyNHdzX0FKNUlORjdoc3RmSm9aVXowSnpKOE5ZbTJ4R0k3a0luZzFRUkR4NTZSQzdvYVd2U2t2b1R2SnpNZ3lRa3NkdElyUHdISTJXRjFSaFVBb3Y?oc=5,TradingView,What Is MT5 – A Beginner’s Guide to MetaTrader 5 Trading - TradingView,Matched public news query: forex broker MT5,56,public_news_signal_no_contact_data,MT5 demo account onboarding,"Review source, identify author/company/channel, then enrich only through lawful public or vendor sources"
RSS-2026-07-06-fx-mt4-mt5-trading-server-time-metatrader-4-vs-mt5-platform-guide-vt-markets,2026-07-06,2026-01-22T08:00:00.000Z,stale,Public News Intent Signal,FX,Global,English,Google News RSS public search,https://news.google.com/rss/articles/CBMilAFBVV95cUxNNzdlNFN5ZkpraC1UOUpwaGd6ck5QUkh3SThRNHZOeXJlMzU4ZHNqWTlGdEZNckxJQnNndXktemRMam5oZnl2Q1VrY2xLYzhFRjdFQ285eFVDNEtLUzNWbWdzM0k0T283cEpFTjB2N0RkUXdJazNGZk15YWxoU05nYURnNFJuazhHem9RRHlLWnpUUXIw?oc=5,VT Markets,Trading Server Time: MetaTrader 4 vs MT5 Platform Guide - VT Markets,Matched public news query: forex broker MT5,56,public_news_signal_no_contact_data,MT5 demo account onboarding,"Review source, identify author/company/channel, then enrich only through lawful public or vendor sources"
RSS-2026-07-06-fx-mt4-mt5-retail-traders-gain-mt5-access-as-cmc-markets-expands-canada-offering-fi,2026-07-06,2026-06-16T07:00:00.000Z,stale,Public News Intent Signal,FX,Global,English,Google News RSS public search,https://news.google.com/rss/articles/CBMirAFBVV95cUxQOVVNOXluQ21GWW9XWkV5U2N3TGxDNlpnZlNJMVN5QWlYT0FDT2g5RXFMVlRkUUNPRVZwMEhMdjUzVlVlYV9jYm1UVGRhRnRVbHk2NkQzbXctaXM2YW1lQ3lmTVl4dVRva0dzb2ZyQ3dPTEl3MWx3X29mc2FGcHZsWVZJSW9XenpQc1N2RzNEeURsc2R3cXAtbEZVRl9mTmEzVzkxR05sRkRPT0ZP?oc=5,Finance Magnates,Retail Traders Gain MT5 Access as CMC Markets Expands Canada Offering - Finance Magnates,Matched public news query: forex broker MT5,56,public_news_signal_no_contact_data,MT5 demo account onboarding,"Review source, identify author/company/channel, then enrich only through lawful public or vendor sources"
RSS-2026-07-06-fx-mt4-mt5-9-best-metatrader-crypto-trading-brokers-for-2026-fxempire,2026-07-06,2026-06-04T07:00:00.000Z,stale,Public News Intent Signal,FX,Global,English,Google News RSS public search,https://news.google.com/rss/articles/CBMiZkFVX3lxTE9kLWVzQldTLWhRdm9tMGpRSkt2clZlTGV4Q1dIOURtM3dQNV9Cem5WczB1ZGYxSF9hNGZRanR3NVVpN19Zb3FfRF8tVklrQWlfSlVOUHhxS29NcE5pMG80X0x5UFVGZw?oc=5,FXEmpire,9 Best MetaTrader Crypto Trading Brokers for 2026 - FXEmpire,Matched public news query: forex broker MT5,56,public_news_signal_no_contact_data,MT5 demo account onboarding,"Review source, identify author/company/channel, then enrich only through lawful public or vendor sources"
RSS-2026-07-06-fx-mt4-mt5-best-mt4-and-mt5-brokers-for-u-s-traders-cbs-news,2026-07-06,2025-08-29T07:00:00.000Z,stale,Public News Intent Signal,FX,Global,English,Google News RSS public search,https://news.google.com/rss/articles/CBMieEFVX3lxTE0xbFk2ZnU1RnppNHV6ZTZOMk56T2dQSTRLbGRjR3dpYjZsUWpEb01qRk5kMm4tNmxGTlhFeGpkbktZM3dRWXBNZE9va1hRVXJRR1pHc2RRWW1wNzg4Sk8yYVhqUllnajBydjZMS3NaM0NoeFRRTHVqTA?oc=5,CBS News,Best MT4 and MT5 brokers for U.S. traders - CBS News,Matched public news query: forex broker MT5,56,public_news_signal_no_contact_data,MT5 demo account onboarding,"Review source, identify author/company/channel, then enrich only through lawful public or vendor sources"
RSS-2026-07-06-fx-mt4-mt5-oanda-japan-to-hike-fx-and-cfd-margin-rates-certain-positions-to-be-tran,2026-07-06,2026-04-23T07:00:00.000Z,stale,Public News Intent Signal,FX,Global,English,Google News RSS public search,https://news.google.com/rss/articles/CBMi0AFBVV95cUxQTXJpTEluVGZNTDhLZnNndnhtWWtUU29wOU12WVgyMGtrU1FtVFJRcmZIaGVaeVVyUDJYaFVsVlJNeXpFR0o2blhSYUtWV1o1NGZsLWQ4dTNOSFFvaVJONVdrdTdSRVFBM3hDWS1DR1ppWHZYelA2bWMtRndUMU9LM29ua2pMNFZjdWcxT2c1WDJaaXBCc3phVkh4YWh3UV9vczdTYnRoVmNPRFZkYTdsaXo3REhVU3dLX0dHN1NtX0E3a2I2UXNMQ0RQbmlKdnBn?oc=5,FX News Group,"OANDA Japan to hike FX and CFD margin rates, certain positions to be transferred to MT5 - FX News Group",Matched public news query: forex broker MT5,56,public_news_signal_no_contact_data,MT5 demo account onboarding,"Review source, identify author/company/channel, then enrich only through lawful public or vendor sources"
RSS-2026-07-06-fx-mt4-mt5-5-best-low-spread-forex-brokers-for-2026-invezz,2026-07-06,2026-06-25T07:00:00.000Z,stale,Public News Intent Signal,FX,Global,English,Google News RSS public search,https://news.google.com/rss/articles/CBMiaEFVX3lxTE9pUUp6NUJESXZXbU5KVklWS0FheGpHN1FUdU5VRG94dWtxMkJ6cTZsLUxhZ2ZrMFZ6SE1mSUtCc0pnUFdNQ3hDeFlFOThhS3pMdm5vQUVLb3hRNmJueXhfNTIzOU1iMUlI?oc=5,Invezz,5 Best Low Spread Forex Brokers for 2026 - Invezz,Matched public news query: low spread forex broker,56,public_news_signal_no_contact_data,MT5 demo account onboarding,"Review source, identify author/company/channel, then enrich only through lawful public or vendor sources"
RSS-2026-07-06-fx-mt4-mt5-forex-trading-market-drivers-trade-costs-risks-explained-thinkmarkets,2026-07-06,2026-04-08T07:00:00.000Z,stale,Public News Intent Signal,FX,Global,English,Google News RSS public search,https://news.google.com/rss/articles/CBMitAFBVV95cUxQMHYyRnJtVFU1R2lmOFdoY3Zoemp6aUFVRzk5WHd5b0NmTXc0NFVXdFJzX3QzNlBLQXl0Y0M5RVZGRmd0aWRYREVybWtReXpPX2lZM3dPVE8tRmhER2pjc1BpNkxOeldGYTl6dWZUdk4tS2c5VTRhakoyemhOaGdnQXlPa3h4TnVOUmtsa0xiNVhSU1pxVThlLUdJTTA4YlhhVTBZNHlzWFV5aFNNNld6dHYwYXY?oc=5,ThinkMarkets,"Forex trading: Market drivers, trade costs & risks explained - ThinkMarkets",Matched public news query: low spread forex broker,56,public_news_signal_no_contact_data,MT5 demo account onboarding,"Review source, identify author/company/channel, then enrich only through lawful public or vendor sources"
RSS-2026-07-06-fx-mt4-mt5-best-no-commission-forex-brokers-in-australia-2026-compare-fees-spreads-,2026-07-06,2026-06-29T03:19:44.000Z,stale,Public News Intent Signal,FX,Global,English,Google News RSS public search,https://news.google.com/rss/articles/CBMilgFBVV95cUxNX1E5N2p1RmZ3WC0tYzk5LS1icWdqYWUzX2xXaG5ienlsUzdjcEd5SUd5OC1JUC1YMXM2dGZ0MjJ0RXJiT2VQR0FGT3NTLUdTWWY5bnZTQ2ZvRmE0RWhKMHdzYnF1U0ZwTThfR1dqNUZ1b2xnakNzaDVRcVdoZk5YZHNvYjU1Z043SGR3RVFBZkRoakdLOGc?oc=5,Mitrade,"Best No Commission Forex Brokers in Australia (2026): Compare Fees, Spreads and Platforms - Mitrade",Matched public news query: low spread forex broker,56,public_news_signal_no_contact_data,MT5 demo account onboarding,"Review source, identify author/company/channel, then enrich only through lawful public or vendor sources"
RSS-2026-07-06-fx-mt4-mt5-10-best-low-spread-forex-brokers-2026-fxleaders,2026-07-06,2026-06-21T07:00:00.000Z,stale,Public News Intent Signal,FX,Global,English,Google News RSS public search,https://news.google.com/rss/articles/CBMic0FVX3lxTFBUX21FX3NzY3FuN2JlanE3aHA2d291M1JqRWYzRkFaMmh3dFctOV9CZXptVm5jeXd6TWxVYXNjSXBjR1NTQkxUbk5GZThEd3FIeFRHcDRkeVBCOU1fZVlTRG5jS1R5Mm43VFZmT2FyLV9qNVE?oc=5,FXLeaders,10 Best Low Spread Forex Brokers (2026) - FXLeaders,Matched public news query: low spread forex broker,56,public_news_signal_no_contact_data,MT5 demo account onboarding,"Review source, identify author/company/channel, then enrich only through lawful public or vendor sources"
RSS-2026-07-06-fx-mt4-mt5-7-best-forex-brokers-in-south-africa-benzinga,2026-07-06,2025-10-29T07:00:00.000Z,stale,Public News Intent Signal,FX,Global,English,Google News RSS public search,https://news.google.com/rss/articles/CBMic0FVX3lxTE1pb3Z3SWlXNXZjVW1rWm1SZFNZNUJ2d01lUmlaRmdvMUlnTWRUS08xSUoybDd1ZGVlUVgwUmlvN1pEQlY2REszbG92WlFiU1FBU2hnRHdUTzNuWWM4Nm5WR24tMG9iVkR0MVlyOTdpUWVQVjg?oc=5,Benzinga,7 Best Forex Brokers in South Africa - Benzinga,Matched public news query: low spread forex broker,56,public_news_signal_no_contact_data,MT5 demo account onboarding,"Review source, identify author/company/channel, then enrich only through lawful public or vendor sources"
RSS-2026-07-06-gold-silver-oil-oil-futures-extend-decline-in-cautious-trade-wsj,2026-07-06,2026-06-23T07:00:00.000Z,stale,Public News Intent Signal,Metals / Energy CFD,Global,English,Google News RSS public search,https://news.google.com/rss/articles/CBMipAFBVV95cUxQdk93T0ZzdFg0Tld3RjVhYTBMSkh4V2l2a0stRzNQNFlvcV9pakx1TXVsQktoMy1MUW9HRXdjdVpzOFRWM04zUU5FMFNuOE1EcUtvTGlQZmFOcTduYlRXY1daSlFwVS11dGNOUmhCSExPQVpXMk0yMElSUTd5a2RhRkx0eDdGSGNCN09zanR6dGgtOFh4alZkcUQzMllUX3hjNzZ3Wg?oc=5,WSJ,Oil Futures Extend Decline in Cautious Trade - WSJ,Matched public news query: crude oil trading WTI,56,public_news_signal_no_contact_data,"Gold, silver and oil CFD sample feed","Review source, identify author/company/channel, then enrich only through lawful public or vendor sources"
RSS-2026-07-06-gold-silver-oil-cme-group-to-expand-24-7-trading-for-wti-crude-oil-and-gold-yahoo-financ,2026-07-06,2026-06-11T07:00:00.000Z,stale,Public News Intent Signal,Metals / Energy CFD,Global,English,Google News RSS public search,https://news.google.com/rss/articles/CBMilgFBVV95cUxObXZ4RGU0V1lYdUpTN1NfN2Y3dGc1UDRQYVNHc0gwUGtIVFVBS3JEWkZBYko1bl9UQVdxdmYzOXdvQzZISVF5SFdpWU1ILUVrdG96OWxlbnNXdGR1RXpzSGRxamtWU2JhS3c4NWZ2Nms1WWh5Y29BaVdSajQ0N0x3MmlocWMzVXdTUFM0NHFCbkhSNFZPUGc?oc=5,Yahoo Finance,CME Group to Expand 24/7 Trading for WTI Crude Oil and Gold - Yahoo Finance,Matched public news query: crude oil trading WTI,56,public_news_signal_no_contact_data,"Gold, silver and oil CFD sample feed","Review source, identify author/company/channel, then enrich only through lawful public or vendor sources"
RSS-2026-07-06-crypto-futures-crypto-exchanges-gear-up-to-launch-us-perpetual-futures-ahead-of-rule-ch,2026-07-06,2026-04-23T07:00:00.000Z,stale,Public News Intent Signal,Crypto Futures,Global,English,Google News RSS public search,https://news.google.com/rss/articles/CBMiwAFBVV95cUxPOERWMTJVQzd6NkVwc0oxTVE0ZGIxMXhLREhQQzEwaE90ZnNkaVlZenJDNFJKajl3NU5hQlIyWTIyUklyRUYwOHg1UXg2RUpiUENvdkQ5dGhHVzZfUTFsMTVQaDlyR1c5WUhzam5OeHNLWm9xMl9ocEJ5RHR1VVhYNzdBU280NUxJYkRSZEowR0tEMG10R2hRTjVmS0hSY09yNEx3NWZLVXBBaWMyRUZxUjNkZDhSR25oRjdka3FIS3E?oc=5,Reuters,Crypto exchanges gear up to launch US perpetual futures ahead of rule change - Reuters,Matched public news query: crypto futures trading,56,public_news_signal_no_contact_data,Crypto futures demo and exchange affiliate offer,"Review source, identify author/company/channel, then enrich only through lawful public or vendor sources"
RSS-2026-07-06-crypto-futures-charles-schwab-announces-details-of-spot-crypto-trading-launch-about-sch,2026-07-06,2026-04-16T07:00:00.000Z,stale,Public News Intent Signal,Crypto Futures,Global,English,Google News RSS public search,https://news.google.com/rss/articles/CBMi2wFBVV95cUxQejRrTjZOLWR2a0tlRTc2djhDYkZuUzd2X09uZExiYW9mVFdyRFBubXpPTzViVGtYb3RUWUxydm43anNCeW9hYkxZZTZOSlVITGdhMzhIWkdJN3MxS3BtWVNZNTJRSTVMUHhuNGFLdmZreUk1MW5DcE5hVlZXNlc4WWxZeGZ0OC1kaDRJNFBKSGdYY20xdDh2V0w4a09fMFlkYzJ6RWx5bXNtanZ0MFRSdVBZYkFmMk1KeDVuYnlqbmRfU3NwSnBKZ3E5VmxBbzlPdW5iTzg2ajBZM3c?oc=5,About Schwab,Charles Schwab Announces Details of Spot Crypto Trading Launch - About Schwab,Matched public news query: crypto futures trading,56,public_news_signal_no_contact_data,Crypto futures demo and exchange affiliate offer,"Review source, identify author/company/channel, then enrich only through lawful public or vendor sources"
RSS-2026-07-06-crypto-futures-12-best-crypto-futures-trading-platforms-in-july-2026-cryptonews,2026-07-06,2026-06-24T07:00:00.000Z,stale,Public News Intent Signal,Crypto Futures,Global,English,Google News RSS public search,https://news.google.com/rss/articles/CBMie0FVX3lxTE9vallnMUZQQm53UG9qWFgwMU9IWGNGMTFjMktXSVEzZ1VzTHBkcUVlOGNvVFhJU3l4ZU92N284T0hta3FQLXVhY3U0WFFpZkRGMnZjQ01HSVJGQ21BelV4TmVqaDRxTVFnZmJBZ21HbE54ZVhrSWNGazdRVQ?oc=5,Cryptonews,12 Best Crypto Futures Trading Platforms in July 2026 - Cryptonews,Matched public news query: crypto futures trading,56,public_news_signal_no_contact_data,Crypto futures demo and exchange affiliate offer,"Review source, identify author/company/channel, then enrich only through lawful public or vendor sources"
RSS-2026-07-06-crypto-futures-crypto-liquidations-hit-1-8b-in-biggest-2026-wipeout-so-far-bitcoin-foun,2026-07-06,2026-06-03T07:00:00.000Z,stale,Public News Intent Signal,Crypto Futures,Global,English,Google News RSS public search,https://news.google.com/rss/articles/CBMiqAFBVV95cUxNbGt0LW1raXA5SXV2YjFWNFhoZGpsRWo1dWxqY2FESmFmSmhlOG9kM0JuTG9qNnVEeGpDSFAtVV9VU1gyc0FmRG5CRUNXN0FnS3N6R0dPS191WVpkdmdBa05iMlJtbUtiNTNITi1FeEdqX2l2eUNVYkhMdDdfWGlITkdwUXpxTUJmelJ2d1h2WFR1SnIwMFl6WXA3Nl9FVjY0WmJSdjNLblc?oc=5,Bitcoin Foundation,Crypto Liquidations Hit $1.8B in Biggest 2026 Wipeout So Far - Bitcoin Foundation,Matched public news query: bitcoin liquidation,56,public_news_signal_no_contact_data,Crypto futures demo and exchange affiliate offer,"Review source, identify author/company/channel, then enrich only through lawful public or vendor sources"
RSS-2026-07-06-crypto-futures-nonstop-trading-loads-of-leverage-how-perp-futures-are-shaking-up-wall-s,2026-07-06,2026-06-22T07:00:00.000Z,stale,Public News Intent Signal,Crypto Futures,Global,English,Google News RSS public search,https://news.google.com/rss/articles/CBMizwFBVV95cUxPcG9RUEFrSlhKS1JGLUlLYU9EbGFCOGJMNFNSYXNtLVBsNGt4Z3FmQ01DUTF0T1lKd2tXNTF3NXVmc3RtWmFjdzZXa0h0XzlPYnBHa2RGMVByTnhkRlFhVzRBaXZpZGlkWlVEOENReFNsVUNERUJEMnJpeGNFMzR1TE9KRy1SNmhtazltUnRicVVpdkN6OWF4ZmdYOHF4QTVZdmdKYkFRMVp6NmNkdXlaenRNUUJHY1JwRDBBZzdCdzVhVkRzdjBDNXRUbUhPckE?oc=5,WSJ,"Nonstop Trading, Loads of Leverage. How ‘Perp Futures’ Are Shaking Up Wall Street. - WSJ",Matched public news query: perp trading exchange,56,public_news_signal_no_contact_data,Crypto futures demo and exchange affiliate offer,"Review source, identify author/company/channel, then enrich only through lawful public or vendor sources"
RSS-2026-07-06-crypto-futures-how-perpetual-futures-took-off-and-where-they-re-going-a16z-crypto,2026-07-06,2026-04-09T15:59:20.000Z,stale,Public News Intent Signal,Crypto Futures,Global,English,Google News RSS public search,https://news.google.com/rss/articles/CBMickFVX3lxTFB6U3p1UDB0Qkh6THRWbmYzRFREb09KVkRTZ2Y1cFJEejJoVEpqbDVSTEdzUGFId1NTLXFCVldlb3dMRU1SXzRXUXY4VVg3MXNCTS1yclBhUTdpZ1lGMHFFLXVhVDA3TXlFMWRrZzVzVVg1Zw?oc=5,a16z crypto,How perpetual futures took off (and where they're going) - a16z crypto,Matched public news query: perp trading exchange,56,public_news_signal_no_contact_data,Crypto futures demo and exchange affiliate offer,"Review source, identify author/company/channel, then enrich only through lawful public or vendor sources"
RSS-2026-07-06-crypto-futures-coinbase-backed-crypto-perps-exchange-satori-finance-is-shutting-down-ya,2026-07-06,2026-06-17T07:00:00.000Z,stale,Public News Intent Signal,Crypto Futures,Global,English,Google News RSS public search,https://news.google.com/rss/articles/CBMipAFBVV95cUxOVGI1WURnak5rN0k1VEd6bHBqekJBX2lvbjNtQm5mT1dBal9IMnZwTk55SzBFNFBBZnlBdzNqQy1mMGltclAteUtHVU9CcFd0cjZpN3YtUTZTMDVTdVpUSVh5WnpMN2p2Q0U3TDN3MjdFYmZ5d0x2V2V2OGl0S1NibFlpQzdpTUxvZkI2bTVycjdKZjlXaFpTZ1Jld3JzQXBuMjlvOQ?oc=5,Yahoo Finance,Coinbase-Backed Crypto Perps Exchange Satori Finance Is Shutting Down - Yahoo Finance,Matched public news query: perp trading exchange,56,public_news_signal_no_contact_data,Crypto futures demo and exchange affiliate offer,"Review source, identify author/company/channel, then enrich only through lawful public or vendor sources"
RSS-2026-07-06-crypto-futures-opening-the-door-to-perps-the-cftc-approves-u-s-listed-perpetual-futures,2026-07-06,2026-06-05T07:00:00.000Z,stale,Public News Intent Signal,Crypto Futures,Global,English,Google News RSS public search,https://news.google.com/rss/articles/CBMigwFBVV95cUxPQlJOdTU0ZTYxSEVOLUhTRVdtNHloRmNLUjNXZTl3aFBzazFERlFXX3NaZHQ4SFJObDNkX2FDOEgxME9jdVh4RjRkeHdROWU0bTVUQzlLWU5wMGRQOEdpWlFFLWVDa3M0MGc0WmR0dmFqQWZvYUozYzdDRmxlOG13RE1lSQ?oc=5,JD Supra,Opening the Door to “Perps” The CFTC Approves U.S.-Listed Perpetual Futures - JD Supra,Matched public news query: perp trading exchange,56,public_news_signal_no_contact_data,Crypto futures demo and exchange affiliate offer,"Review source, identify author/company/channel, then enrich only through lawful public or vendor sources"
RSS-2026-07-06-crypto-futures-coinbase-becomes-first-us-exchange-allowed-to-offer-global-crypto-perps-,2026-07-06,2026-05-29T07:00:00.000Z,stale,Public News Intent Signal,Crypto Futures,Global,English,Google News RSS public search,https://news.google.com/rss/articles/CBMimgFBVV95cUxQWm9aMGkxRVB1b3ZuZTE1eVp6WEtKU2hTSjNQSTNHSXU0d0RaUk9sX0NXREx3MHlqMUV0QTZvdmxzc1I1bWE4YlRLdFFiR0N6YzQ5N3V3SDNlVkxMTWtWd0t4bU5jLTdVRlkta1Y4YzdDUUR2aGR5N0dGdnpKa3hQRWpQQzh1bzhkaWRzcjI1YzRkTm5IancxbENn0gGiAUFVX3lxTFBacHk2dVdPamc2cTFOSS1ONFB2MHN1TFNkUXBQMDN2ZXR1NWRuVUwwYWkxNVB4VUwyQXFnQTZZX3I1TC03TUJCT3daOWdobWd1T2xWNHBHMlNUREZWTV9TdkRpMEJjSE4xcVk5djZMM3ZlY2EtcTZ6WlJiZEFmdXc0WEhMNUxxVDBxNXdreW1NSFpXbTQ3Um55ZDJoenZDcjJSUQ?oc=5,Decrypt,Coinbase Becomes First US Exchange Allowed to Offer Global Crypto Perps Trading - Decrypt,Matched public news query: perp trading exchange,56,public_news_signal_no_contact_data,Crypto futures demo and exchange affiliate offer,"Review source, identify author/company/channel, then enrich only through lawful public or vendor sources"
RSS-2026-07-06-stocks-options-best-commission-free-stock-trading-and-investing-apps-of-2026-cnbc,2026-07-06,2026-06-26T07:00:00.000Z,stale,Public News Intent Signal,Stocks / Options,Global,English,Google News RSS public search,https://news.google.com/rss/articles/CBMib0FVX3lxTE5FOVlrc0Fjc3BCZE9BV29KUUQxcW1jVlB0OWJkMVZiM0d2RUtzT2pycHc3a3lLdERacXIwTW9oU19YMjdva2lZVmtRZm8tbGw1dUFCUjZlWXVYbnpGOXExUjl6YTk5OHFiRzRPNGRBb9IBdEFVX3lxTE1KLV9SdHMwRHdSUDlnVGMyMWN5Rm1GQXFvd1JXUHpxWk8tWC1lSXRIc2poQm5lbFFlWUFvNW1hTDJTNVdlaUttLUkzanRrLVhDSUhVckFBeGtJOW1TYzVsenVYOFA2YnN0cVlOUmFJakQ5Snhp?oc=5,CNBC,Best commission-free stock trading and investing apps of 2026 - CNBC,Matched public news query: stock trading app,56,public_news_signal_no_contact_data,Stock broker comparison and signup flow,"Review source, identify author/company/channel, then enrich only through lawful public or vendor sources"
RSS-2026-07-06-stocks-options-best-free-stock-trading-apps-our-7-top-picks-of-2026-the-motley-fool,2026-07-06,2026-06-16T07:00:00.000Z,stale,Public News Intent Signal,Stocks / Options,Global,English,Google News RSS public search,https://news.google.com/rss/articles/CBMickFVX3lxTE1hdUxyVG82S09BQzFfcE8wMEFFRVNUN2xJdXZORUh6YVVfTGVrNWJtUUJNNWdxdVpHWXU1LUsxNmtoa3VGRVZYeEYwb0E3SGRTTGRJNlA0aTFOeGFoRGtzVmw1TDFwU3Y2NmJUVXp6UWdNQQ?oc=5,The Motley Fool,Best Free Stock Trading Apps: Our 7 Top Picks of 2026 - The Motley Fool,Matched public news query: stock trading app,56,public_news_signal_no_contact_data,Stock broker comparison and signup flow,"Review source, identify author/company/channel, then enrich only through lawful public or vendor sources"
RSS-2026-07-06-stocks-options-8-best-stock-trading-apps-for-2026-nerdwallet,2026-07-06,2026-06-08T07:00:00.000Z,stale,Public News Intent Signal,Stocks / Options,Global,English,Google News RSS public search,https://news.google.com/rss/articles/CBMibEFVX3lxTFBlTm92enZ0RGZQQzYzSkVobWxGYWdzZS02dWlMVkt6Wjk5dmpZZmM0UHRvOXRISEVkWTNqSVhEa29yWlMtbHpoNURzTm1PczdCZDFhTTk1VGQ2djNxcGk3ZFJHMWg5NWNaNzJFZQ?oc=5,NerdWallet,8 Best Stock Trading Apps for 2026 - NerdWallet,Matched public news query: stock trading app,56,public_news_signal_no_contact_data,Stock broker comparison and signup flow,"Review source, identify author/company/channel, then enrich only through lawful public or vendor sources"
RSS-2026-07-06-stocks-options-nasdaq-lists-new-options-expiries-what-this-means-and-why-it-matters-nas,2026-07-06,2026-01-28T08:00:00.000Z,stale,Public News Intent Signal,Stocks / Options,Global,English,Google News RSS public search,https://news.google.com/rss/articles/CBMimwFBVV95cUxQblZ0R2xSc19TM3hHMUNhUHFJNjN1VDZWaTQtN2gwUkxiOE8zdmZOWUxMLXlwTnF2c2R4ZmlKWWZtb0RaZm0xZDBkMEZWZkdsSGdzZDVRU2JYWXVWUVRpV1RUNHRFOHg3bTJzbFVVYWs3emJjLXdzbjA1VV9TY1dMSHNrMkFvQUlKbFE4d1lBSHlFck1TZm92OVgwSQ?oc=5,Nasdaq,Nasdaq Lists New Options Expiries: What This Means and Why It Matters - Nasdaq,Matched public news query: Nasdaq options trading,56,public_news_signal_no_contact_data,Stock broker comparison and signup flow,"Review source, identify author/company/channel, then enrich only through lawful public or vendor sources"
RSS-2026-07-06-stocks-options-a-new-era-in-options-trading-moomoo-partners-with-nasdaq-to-deliver-mond,2026-07-06,2026-01-26T08:00:00.000Z,stale,Public News Intent Signal,Stocks / Options,Global,English,Google News RSS public search,https://news.google.com/rss/articles/CBMingJBVV95cUxOTm9tWDE1aW56dUJYWWxYeUZjbXN1MjZZUXpHLUJ1Y2NDVU11ZEQ3UUViYTZQR0RVSGRfNkRkTzNDMURqLXFUVS1iOFlDUW5UYnNrTFBtRXdYLTViak4zWWpFRUkteFlrT044WGRNWFI0YnpzQzh1UjFTQmxUOXJHaTZab2Y2WjhUVGJ6RVFUT3MxbzZBNUJHZnh1YkdoRGhpTW92YVRCN2lzZVVNdWd6OXkxUmp3OHlvTjYxajdGdVBsWnJfaGF0ZDY4ZWk4QTI2cl9QdHBsUFFfZnJEWThnRFVXMFlxSGNGbVlwOGRUdm1GUnBvWkRMTW5PVHNyQ1g0dzF3QUUyektkcHlRZUtXdU1wMHk0dnZXUTR2SFV3?oc=5,PR Newswire,A New Era in Options Trading! Moomoo Partners with Nasdaq to Deliver Monday & Wednesday Expirations for Greater Flexibility and Opportunity - PR Newswire,Matched public news query: Nasdaq options trading,56,public_news_signal_no_contact_data,Stock broker comparison and signup flow,"Review source, identify author/company/channel, then enrich only through lawful public or vendor sources"
RSS-2026-07-06-stocks-options-a-new-era-in-options-trading-futu-partners-with-nasdaq-to-deliver-monday,2026-07-06,2026-01-27T08:00:00.000Z,stale,Public News Intent Signal,Stocks / Options,Global,English,Google News RSS public search,https://news.google.com/rss/articles/CBMihgFBVV95cUxNOEtVR2k0UVdnOTA2VkhhZ21NNDR5eVRZQzUzN0pNVUUxVmI0Rml6RGlhVURKdkEwMHdEeld2R0xUQkhGUE5HWl9Wc1R5a21HeHlTSGdacU4xNGI2N01kZzB6X245WWwwUVJtMzNOX0xZMnVBMGlNVDlndG40cy1QUmc0cU10Zw?oc=5,Yahoo Finance,A New Era in Options Trading! Futu Partners with Nasdaq to Deliver Monday & Wednesday Expirations for Greater Flexibility and Opportunity - Yahoo Finance,Matched public news query: Nasdaq options trading,56,public_news_signal_no_contact_data,Stock broker comparison and signup flow,"Review source, identify author/company/channel, then enrich only through lawful public or vendor sources"
RSS-2026-07-06-affiliate-ib-comprehensive-guide-to-understanding-currency-trading-investopedia,2026-07-06,2025-10-15T07:00:00.000Z,stale,Public News Intent Signal,Affiliate / IB,Global,English,Google News RSS public search,https://news.google.com/rss/articles/CBMijAFBVV95cUxOYWNNOFZwYkJHUDByUU92UjlmQ0FDeXJoeHF6V3pKYzB1bmpiUHpJdTVwZ2JZbkFrSncwcmJsZXNUTktmczF6RW5wakRpZUwwT3h3UV84Y2RnVEtXQ1Fzcmc5NGdVelNhWHk5NmUtV1FCb3c1SXpwQkIzY3F5NVktbU02LTNCSWs1eXYxQQ?oc=5,Investopedia,Comprehensive Guide to Understanding Currency Trading - Investopedia,Matched public news query: forex trading educator,56,public_news_signal_no_contact_data,IB and affiliate partnership proposal,"Review source, identify author/company/channel, then enrich only through lawful public or vendor sources"
RSS-2026-07-06-affiliate-ib-pain-in-forex-trading-was-never-the-teacher-but-the-structure-business-d,2026-07-06,2026-04-20T07:00:00.000Z,stale,Public News Intent Signal,Affiliate / IB,Global,English,Google News RSS public search,https://news.google.com/rss/articles/CBMizAFBVV95cUxQVkFRQ3lwWUhNWWlyejJCU01feXFuZ25sSlY4aTFZdVFhWUkzazBScUl4RVUxbWxXTGVzRE1pckhuODVWTjA4UHpZYVZwXy01V1E1azh4VGNHcWlxNTVTUXF0emd0SHpZa0lNaXlhZzcyX0tMeXBqdVlKUnA5Qm9ZanJqWmlRUnRYRjFqLXdVVWVabGpKUU02MUxhWURCWUw5TEQwWl9XR1VaeS1yRmNENUExMFVjVnZMdE9CUWVtT3B4TWNIck50NlNXc1E?oc=5,Business Daily,"Pain in forex trading was never the teacher, but the structure - Business Daily",Matched public news query: forex trading educator,56,public_news_signal_no_contact_data,IB and affiliate partnership proposal,"Review source, identify author/company/channel, then enrich only through lawful public or vendor sources"
RSS-2026-07-06-affiliate-ib-poland-fines-two-us-trading-education-firms-5-7m-for-pyramid-schemes-fin,2026-07-06,2025-12-30T08:00:00.000Z,stale,Public News Intent Signal,Affiliate / IB,Global,English,Google News RSS public search,https://news.google.com/rss/articles/CBMiuAFBVV95cUxPMjVkcjBaMUpqc3BvUUxBMVhnSloxbFphdDlEVDczcmEtaDItaGRoWk55eGVSWDJoNFBRY09hbC1yMGpBclFyOThyU293ZnFZSkU4ZXZYYnhwVzFmRldNc0VOa281ZHFCYkJ4RVU2by1ldlhGQzNnb2ZyMnM3cXdGN1M2cnFHVzg4LUI4N1BaWDF6T3R5RV92SVpGVGtIcjJ5bHpJQzUybGR0eTZwSkM0a2I2WDRCLVJY?oc=5,Finance Magnates,Poland Fines Two US Trading Education Firms $5.7M for Pyramid Schemes - Finance Magnates,Matched public news query: forex trading educator,56,public_news_signal_no_contact_data,IB and affiliate partnership proposal,"Review source, identify author/company/channel, then enrich only through lawful public or vendor sources"
RSS-2026-07-06-affiliate-ib-kojo-forex-on-trading-growth-why-mindset-outperforms-the-tools-investing,2026-07-06,2025-08-05T07:00:00.000Z,stale,Public News Intent Signal,Affiliate / IB,Global,English,Google News RSS public search,https://news.google.com/rss/articles/CBMirAFBVV95cUxQZHJOaGdQVml6RFk0MzdLdWdSbDlDcGFVRU50bzZSNm5ZZ016RnBCY2QxVERtQm1RVk1Yemt6dlpmbHJOa3ZKbExjNUl0U0w0R2VhRE9rSUxsdEZUbld2QnRCLVBKVTJqYWlCRWFXc25YUWlOUEMzeW9STWJVUzlTVVo4a2kwM2JSdkNBc0xUOVlVR2JGdVU4WXcxcTRaS1Y3LVg1SU9kRkFtTkt6?oc=5,investingLive,Kojo FOREX on trading growth: Why mindset outperforms the tools - investingLive,Matched public news query: forex trading educator,56,public_news_signal_no_contact_data,IB and affiliate partnership proposal,"Review source, identify author/company/channel, then enrich only through lawful public or vendor sources"
RSS-2026-07-06-affiliate-ib-9-best-crypto-trading-communities-to-join-in-2026-coinspot-io,2026-07-06,2026-06-23T21:20:39.000Z,stale,Public News Intent Signal,Affiliate / IB,Global,English,Google News RSS public search,https://news.google.com/rss/articles/CBMidkFVX3lxTE5fTmp6UFJZTUFFQVlvUXFHOG1wMVVKMDJoSVlUS01SSE81NWFieGxJbVFVMU9IUjVxaW9jS3RVd2FiZWMyT0kzYTZadjRGZHhTZkMzX2lTR3RUNHBtekgzRGJJbUpqcWVIalZabjJ4MXdLUmZlclE?oc=5,Coinspot.io,9 Best Crypto Trading Communities to Join in 2026 - Coinspot.io,Matched public news query: crypto trading community,56,public_news_signal_no_contact_data,IB and affiliate partnership proposal,"Review source, identify author/company/channel, then enrich only through lawful public or vendor sources"
RSS-2026-07-06-affiliate-ib-just-in-hungary-to-decriminalize-bitcoin-and-crypto-trading-bloomberg-re,2026-07-06,2026-06-11T07:00:00.000Z,stale,Public News Intent Signal,Affiliate / IB,Global,English,Google News RSS public search,https://news.google.com/rss/articles/CBMivwFBVV95cUxNdlk4R3pIclRQQkg5Qmo1dWp1eVNERWt1RmZmOXRLYU5iWkxRNXRTbnQwSzhuczJGRWVXQmF2TkpUQ1JHWDFqWXFhU1RZWUlMbkhaanllT0tsMUNhV1FOQlRvQ2xTVGtVaVpUX3lSdkFzWnhtU3cxTTZmZkxNcXEzbWpyT0EwM0tlVHZKVEVnOUc2Umw3cHFyZ1Q1MWRqQmw1Y3llSWJFalBFNWlMdG90cmdYNkpJZW80SFQ2ZS1sSQ?oc=5,Moomoo,"JUST IN: Hungary to decriminalize Bitcoin and crypto trading, Bloomberg reports 🇭🇺 - Moomoo",Matched public news query: crypto trading community,56,public_news_signal_no_contact_data,IB and affiliate partnership proposal,"Review source, identify author/company/channel, then enrich only through lawful public or vendor sources"
RSS-2026-07-06-affiliate-ib-coinex-launches-fifa-world-cup-2026-trading-and-community-campaign-featu,2026-07-06,2026-06-21T12:37:25.000Z,stale,Public News Intent Signal,Affiliate / IB,Global,English,Google News RSS public search,https://news.google.com/rss/articles/CBMivwJBVV95cUxPV25VWG5EMTB2SkJWUnRqaGhicHdMZjhJd1RpTWtfX19iUzhaT1VvbzRJWDB5OFhweE56dTBZdmJ4MXhwVTA0am9KVVVKQmRiM3BjSlBQMGpIY25IQXVyRC1sSnBfdEp3N01ES1h3dmdsd28tSm44TWJHd2tfOWFLZC1LU2U0ZEZTajNkdHg0NGNTejBXanJYQUFocHE5c3NIanZyOXM4Y1h5MmVUMVJxcGJSR1R3RTl1dHJDOE5GbUdKMXU3MkZLOU5NenBIQ2dYUnpXSV9jRG9qQXVPTng2Q2VsVDNVeEVDTm9oSm1TSGwtM3F3SFF0THpaV29jSUZZT3MwY3RzUlU2UGFESmx3X1JNb0Q4OVlJQ0tzeExOa19sX2xPX0NoUV9XcEc4bUlreU5BMVpxV1JCdDlob2Fj?oc=5,The Malone Telegram,CoinEx Launches FIFA World Cup 2026 Trading and Community Campaign Featuring Futures Competition and Fan Engagement Activities - The Malone Telegram,Matched public news query: crypto trading community,56,public_news_signal_no_contact_data,IB and affiliate partnership proposal,"Review source, identify author/company/channel, then enrich only through lawful public or vendor sources"
RSS-2026-07-06-affiliate-ib-top-12-crypto-discord-servers-to-join-in-2026-dailycoin,2026-07-06,2026-04-23T07:00:00.000Z,stale,Public News Intent Signal,Affiliate / IB,Global,English,Google News RSS public search,https://news.google.com/rss/articles/CBMibEFVX3lxTE5TaXRVcVVRTjBBRFIxdEphZm9KQThMU3dYTExnVnh2UzFoa0xzZTBLdm5ERTNCb2k5cnRsakJOMTRQUl90c0xkeGVST29CejNQTHZZWmgzNTR2MkFMNURUYzcteE1YWnpTOEtmdw?oc=5,DailyCoin,Top 12 Crypto Discord Servers to Join in 2026 - DailyCoin,Matched public news query: crypto trading community,56,public_news_signal_no_contact_data,IB and affiliate partnership proposal,"Review source, identify author/company/channel, then enrich only through lawful public or vendor sources"
RSS-2026-07-06-affiliate-ib-introducing-the-crypto-closeout-live-markets-real-traders-every-sunday-a,2026-07-06,2026-03-13T07:00:00.000Z,stale,Public News Intent Signal,Affiliate / IB,Global,English,Google News RSS public search,https://news.google.com/rss/articles/CBMif0FVX3lxTE1BMGptYzJMaVU4Wm5zY0J1UTJYVDh0T3NYelp4aktSMk9kV204MTZlX1prZmJZTEJPVUdIYVJBd1dQVkxMQ05KR0MyREgxU2RJUEZ1Nk9ZWXoxUE0wcUlfdmVaZmktNGktQWRGd2J4ZVItazhQcDBVdVp2QVlwN0U?oc=5,Kraken Blog,"Introducing The Crypto Closeout: live markets, real traders, every Sunday at 7 p.m. ET - Kraken Blog",Matched public news query: crypto trading community,56,public_news_signal_no_contact_data,IB and affiliate partnership proposal,"Review source, identify author/company/channel, then enrich only through lawful public or vendor sources"
RSS-2026-07-06-affiliate-ib-crypto-community-in-shock-as-trader-shorts-bitcoin-right-before-crash-tr,2026-07-06,2025-10-11T07:00:00.000Z,stale,Public News Intent Signal,Affiliate / IB,Global,English,Google News RSS public search,https://news.google.com/rss/articles/CBMixgFBVV95cUxNakZ5dDBFUW1kTUtMN0ZadDNRX01leTQ1OHNvSmF1SS1Rc0w1UEMyd2FSTVdtd0wyRXlLUHVld290VS0tdjlfaFRVeWp5MTBQWWU5ZC1nTzNHbWlPdzJ3TmEtMmhXYmx0Vjd2ODUxbzQ3MGNDYUs1aFJpdDNwREg4ckRiNU5Vdnd3Z3RURk5BazMwSTQ4ZVNUd0R4c2pkYkk3ZHhJdmE1QzZqQVJoVEx5RFhVdmZ6QWJWZllGbGp0bmZZMXRxLVE?oc=5,TradingView,Crypto Community in Shock as Trader Shorts Bitcoin Right Before Crash - TradingView,Matched public news query: crypto trading community,56,public_news_signal_no_contact_data,IB and affiliate partnership proposal,"Review source, identify author/company/channel, then enrich only through lawful public or vendor sources"
RSS-2026-07-06-affiliate-ib-stratosphere-leads-majority-stake-acquisition-in-potion-alpha-one-of-cry,2026-07-06,2026-04-25T07:00:00.000Z,stale,Public News Intent Signal,Affiliate / IB,Global,English,Google News RSS public search,https://news.google.com/rss/articles/CBMi1AFBVV95cUxPczN3Nk1tTVl5SnB4anZKTmdadlp1c0M5RDlsVFRRVmNwbHFYTWRSRzBSS09QQy1ISWxpQnVPelFzLWFoM3lraXg1dE9vWHk5SEtYOUFEOHhLWHlyYi01U1FLYVdKOEktMHNHWThTU0dzcWtjU3FXOXJrZWdIT1ZQLXA4NkVyTkNmQThZbzN5QVg1WVc1dW1Ta21CRGRzTkxpT2NQdjdrdFoyOUptUTFRV1Y1V0xHcGRXaHRwdTdmcVpQU2V1ZGJVY0NxYnBrdmFVbmlCQg?oc=5,Chainwire,"Stratosphere Leads Majority Stake Acquisition in Potion Alpha, One of Crypto’s Largest Trading Communities - Chainwire",Matched public news query: crypto trading community,56,public_news_signal_no_contact_data,IB and affiliate partnership proposal,"Review source, identify author/company/channel, then enrich only through lawful public or vendor sources"
RSS-2026-07-06-affiliate-ib-best-crypto-trading-signals-telegram-groups-to-join-in-2026-cryptoninjas,2026-07-06,2026-06-16T07:00:00.000Z,stale,Public News Intent Signal,Affiliate / IB,Global,English,Google News RSS public search,https://news.google.com/rss/articles/CBMifkFVX3lxTE54NV80R0dfZVZYOENOQTBoLWFKSUFTZ25jXzNoYWNnREtiUTdfajRIQ2tvajZIeV9FZnQ3Q2RKcFotU3BOdjl1YmlrZHJqNkh2d2RVenE5U2h0UWxzcURlbWd2bGc4ZEdsZFJlVXBXdUtMNlRuZGIzUzNHd1hmd9IBgwFBVV95cUxPZXBJS2tRMF9wS2haeVowY1BuaFVYanc3WFVaSktUelBSTlRlWXA1TjBRUjB2aTRkRmxtWkJXTjNkbDZNZW9oQVc2b3Q2cFk5QTdrMUJSbTJORjhXQ0E5OVhtUkVPZW9pS3BGQk5sZVJEcmNtMnBIZm1wWUZVa1dTUjhpdw?oc=5,CryptoNinjas,Best Crypto Trading Signals Telegram Groups to Join in 2026 - CryptoNinjas,Matched public news query: trading signals group,56,public_news_signal_no_contact_data,IB and affiliate partnership proposal,"Review source, identify author/company/channel, then enrich only through lawful public or vendor sources"
RSS-2026-07-06-affiliate-ib-skyai-surges-5-9-on-memecoin-visibility-and-trading-signals-coinmarketca,2026-07-06,2026-06-26T16:05:00.000Z,stale,Public News Intent Signal,Affiliate / IB,Global,English,Google News RSS public search,https://news.google.com/rss/articles/CBMicEFVX3lxTE5reFd5azFsUTRrSjZ2bGEzZnpJY3pfRFk2NUxTOEdsR1JwcVdPbkNqSXc0NUJwRUZyeWlCMndnY1ZzTllVMlJieS1Sb2J6bmdZem9NMTBMYUFnYXZhaDYwNWRiRjZ1WHE0UGZlQ1hCeEo?oc=5,CoinMarketCap,SKYAI Surges 5.9% on Memecoin Visibility and Trading Signals - CoinMarketCap,Matched public news query: trading signals group,56,public_news_signal_no_contact_data,IB and affiliate partnership proposal,"Review source, identify author/company/channel, then enrich only through lawful public or vendor sources"
RSS-2026-07-06-affiliate-ib-bitcoin-trading-signals-on-telegram-for-2026-coinspot-io,2026-07-06,2026-06-10T07:00:00.000Z,stale,Public News Intent Signal,Affiliate / IB,Global,English,Google News RSS public search,https://news.google.com/rss/articles/CBMiiAFBVV95cUxQY1dyUkZUXzg2d3d3bm5MQVBYZWphdmQ2dlVIazlQSHRhMnh5SEw4UldCMWVfX3lBSlU3ejJmRlhhYVpVR0l2bkF0dFZSdC1qaDJNVnlYa2VNYjRkeHREZ3FOZHlIMF9BZUhPc2lTOUcwa282SzVUdFEyMTJjZkNBRmJ0M20yVkp3?oc=5,Coinspot.io,Bitcoin Trading Signals on Telegram for 2026 - Coinspot.io,Matched public news query: trading signals group,56,public_news_signal_no_contact_data,IB and affiliate partnership proposal,"Review source, identify author/company/channel, then enrich only through lawful public or vendor sources"
RSS-2026-07-06-affiliate-ib-favourable-signals-for-lords-group-trading-numerous-insiders-acquired-st,2026-07-06,2026-04-29T07:00:00.000Z,stale,Public News Intent Signal,Affiliate / IB,Global,English,Google News RSS public search,https://news.google.com/rss/articles/CBMipgFBVV95cUxQN3pxSlE5WnJkeXVKalp5czBVaXVreFFkeTNoVVhDQlptc2lHOTMyczM0MHpqcGQ4b3hJcGJ3eUc0eVd4ZnVsMEQtZGlIY01TVTFtT2UzaWVTaFFqeEtIR3lsRWE3c012alRUeUxlYkp1YmJfRTl1NUFfdjBvRURYY251WUNMN0xKcG1HalZHeXRUUHJxcGxNOEZvMmVvclFwTHNtQ01R?oc=5,Yahoo Finance,Favourable Signals For Lords Group Trading: Numerous Insiders Acquired Stock - Yahoo Finance,Matched public news query: trading signals group,56,public_news_signal_no_contact_data,IB and affiliate partnership proposal,"Review source, identify author/company/channel, then enrich only through lawful public or vendor sources"
RSS-2026-07-06-affiliate-ib-nebius-shares-rise-over-5-after-key-trading-signal-benzinga,2026-07-06,2026-06-17T07:00:00.000Z,stale,Public News Intent Signal,Affiliate / IB,Global,English,Google News RSS public search,https://news.google.com/rss/articles/CBMiqgFBVV95cUxOVDNxV1BqZjlRQkVoOEdlMkpvRHF6VjA2R01aUG9BTWFKZ3hDT2NRLWMzQ285V013VTlfTXF3LWt6MFFJZzM3RzY3NE11eGxDR0xNVkQ2T1c4aGJORWFmTG5LMGtVNnQzZ20waEZXZzRsM3Ffa3hhd1c1NXVDM3ZWekZmbTdYX0paRmZSYVNtY2syRHVKakREZk84ZlUyUzhkc08tUlNlSEtPZw?oc=5,Benzinga,Nebius Shares Rise Over 5% After Key Trading Signal - Benzinga,Matched public news query: trading signals group,56,public_news_signal_no_contact_data,IB and affiliate partnership proposal,"Review source, identify author/company/channel, then enrich only through lawful public or vendor sources"
RSS-2026-07-06-affiliate-ib-best-crypto-signals-2026-top-telegram-groups-with-independently-verified,2026-07-06,2026-06-19T07:00:00.000Z,stale,Public News Intent Signal,Affiliate / IB,Global,English,Google News RSS public search,https://news.google.com/rss/articles/CBMiVkFVX3lxTE1xYXA3TVZSY0NqMC01Sjg1cGtCSWRMLXExYTQ1N2ZwXzROaThUbi0wTmViNnozX1JfTWotMmZrNEJtRWdBUl9xX2d0T05ZTUtaR1pXR3dR?oc=5,NFTevening,Best Crypto Signals 2026: Top Telegram Groups With Independently Verified Results - NFTevening,Matched public news query: trading signals group,56,public_news_signal_no_contact_data,IB and affiliate partnership proposal,"Review source, identify author/company/channel, then enrich only through lawful public or vendor sources"
RSS-2026-07-06-fx-mt4-mt5-eurusd-update-dollar-strength-keeps-weighing-on-the-euro-forex-com,2026-07-06,2026-06-30T15:58:07.000Z,cooling_7d,Public News Intent Signal,FX,Global,English,Google News RSS public search,https://news.google.com/rss/articles/CBMiogFBVV95cUxPNlZuSGZpa21SanprRm1YQ1gzdko0R1B1UGZ6ZGU4NE52TzIyUG5TMVlxNWZmWF9oSGRINFMyNzR3S1g1VDF3aTE0bmpBLXF5R2F5UEQ4S3htdURTcWFpa01SNmc5b29faXUyOEhyYnIxMGM0cmd1X25RdGtPdm9XcmViZmdtNDFCc2dnWHdad3dHUmFEN3JKOVpicWRQMXF6RlE?oc=5,FOREX.com,EURUSD Update Dollar strength keeps weighing on the euro - FOREX.com,Matched public news query: EURUSD trading,54,public_news_signal_no_contact_data,MT5 demo account onboarding,"Review source, identify author/company/channel, then enrich only through lawful public or vendor sources"
RSS-2026-07-06-fx-mt4-mt5-eur-usd-analysis-will-us-jobs-data-break-the-doom-dailyforex,2026-07-06,2026-07-02T12:51:52.000Z,cooling_7d,Public News Intent Signal,FX,Global,English,Google News RSS public search,https://news.google.com/rss/articles/CBMimgFBVV95cUxNaU5veG1nLVRHOTh5QVctSEQ2QVVIVTlwbTVxXzdFSGJLRkItTU14ZkN4ajcxNy16MmoyTkd3LV94TjZES1RpeVNHWHVpQzlfWGxMX3hTSm1FQ00wMEZ5TEZONUpWVEQ2V1NvZ0wwVERfUmV3b3ZKSkt1aUJhWnVOcFNHanI4aTdDcVduejNHWXBack5TaW5FM1pB?oc=5,DailyForex,EUR/USD Analysis: Will US Jobs Data Break the Doom? - DailyForex,Matched public news query: EURUSD trading,54,public_news_signal_no_contact_data,MT5 demo account onboarding,"Review source, identify author/company/channel, then enrich only through lawful public or vendor sources"
RSS-2026-07-06-fx-mt4-mt5-eur-usd-eurusd-real-time-exchange-rate-trend-today-moomoo,2026-07-06,2026-06-29T19:30:37.000Z,cooling_7d,Public News Intent Signal,FX,Global,English,Google News RSS public search,https://news.google.com/rss/articles/CBMioAJBVV95cUxPYmtsZVItdlhLd25sZzVZWmV1MUpheThXOXlIMkdhaW9LelliMTJZWEpLblNYVWhvLWZYbm54S0laWC03eW1kaHpNbGJLZk9raUZiNDJsTGxfdHJVWEZYSWxnUGdDcEJiNkw4UWRjV3ZwSFVIalJOTENFM3dMd3FhOWdaRHlxYThEamJZT1NIU2o5NzBqdm5CdnhWQ3NaNW02WFVKRkZZLWFPWFZPSnZUY3Y2N3ktTUlGV0llY3d3a0tDemoxOGRkcU9taDQ3aHVURXRVWVJFSUJTODVLVXY5eW43eXZrckZWR2VPaHRKSWZubmpQZVRET0dxeWVZYjZWbloxVjZqaEN3dGhmY0JDSUprZ2NTcWNmRmFadUQ0MkI?oc=5,Moomoo,EUR/USD(EURUSD) Real-time Exchange Rate Trend Today - Moomoo,Matched public news query: EURUSD trading,54,public_news_signal_no_contact_data,MT5 demo account onboarding,"Review source, identify author/company/channel, then enrich only through lawful public or vendor sources"
RSS-2026-07-06-fx-mt4-mt5-how-to-trade-eur-usd-in-2026-best-hours-spreads-and-trade-size-ebc-finan,2026-07-06,2026-07-02T07:32:00.000Z,cooling_7d,Public News Intent Signal,FX,Global,English,Google News RSS public search,https://news.google.com/rss/articles/CBMiX0FVX3lxTFAzWUNRUEdlaUJReDdtbjJVTmpwbFFpUDZvaWJZeTBCVGhPX0JCQmQ4aEI0OUUyRlYwbkpRaEhiQUI0T3pVRGVGRDA0Zi1pRU81cUJKUHhHd1h6b1J6TXVz?oc=5,EBC Financial Group,"How to Trade EUR/USD in 2026: Best Hours, Spreads and Trade Size - EBC Financial Group",Matched public news query: EURUSD trading,54,public_news_signal_no_contact_data,MT5 demo account onboarding,"Review source, identify author/company/channel, then enrich only through lawful public or vendor sources"
RSS-2026-07-06-fx-mt4-mt5-pepperstone-review-2026-investing-com,2026-07-06,2026-07-01T07:00:00.000Z,cooling_7d,Public News Intent Signal,FX,Global,English,Google News RSS public search,https://news.google.com/rss/articles/CBMiZEFVX3lxTE5vMHdQYl9MdmtzaXRIU3plM1dHcS1tS2MzVmRkMU92N1NlS1p2cTFJcmFDVENkVkVmMks3QTg4R05JY3VRWnlMellMRXNldlg3aEloWndmeHpfYzB2WnVrVTFuS24?oc=5,Investing.com,Pepperstone Review 2026 - Investing.com,Matched public news query: low spread forex broker,54,public_news_signal_no_contact_data,MT5 demo account onboarding,"Review source, identify author/company/channel, then enrich only through lawful public or vendor sources"
RSS-2026-07-06-gold-silver-oil-silver-price-forecast-weak-nfp-pushes-xag-usd-to-the-top-of-its-weekly-r,2026-07-06,2026-07-02T17:58:11.000Z,cooling_7d,Public News Intent Signal,Metals / Energy CFD,Global,English,Google News RSS public search,https://news.google.com/rss/articles/CBMi2gFBVV95cUxNWkxXS3ZsT3JwYXYyTzhWZFlBMDZyazJxdGwtZXdxRmVJT0EyVmIzS0tCc0NUT1hOQ2FuSEU1MlR2Y0ctYXAzVW1Ld2VXdnVhdlhWaURKRXFWcHZBcEo3cmRWOUw1TV9jUUE5M3RjX05EQnEtRlkzN1o0WXoxM2NmZkR0RTRQME5JY0dxSUx5SzZEa3lCZ3ZnWVVZY1hKZG52WE5KTjBETTVuQ2dLYUtxc2s5N2xkTm9pYTZSMEdxLWswYjhxT2NETHpwd0ozX2dMTldxMWpiYzFvZw?oc=5,TMGM,Silver Price Forecast: Weak NFP pushes XAG/USD to the top of its weekly range - TMGM,Matched public news query: silver trading XAGUSD,54,public_news_signal_no_contact_data,"Gold, silver and oil CFD sample feed","Review source, identify author/company/channel, then enrich only through lawful public or vendor sources"
RSS-2026-07-06-gold-silver-oil-brent-posts-biggest-monthly-decline-since-march-2020-as-traders-monitor-,2026-07-06,2026-06-30T10:13:57.000Z,cooling_7d,Public News Intent Signal,Metals / Energy CFD,Global,English,Google News RSS public search,https://news.google.com/rss/articles/CBMif0FVX3lxTE4tc2JkNHVsWERpdWg5LVZFcnVIbHBDMkhjeXA5Sm5SUEg4NDNRWFNvMUNYSXFjODduM0FoZTFUTFJaV1RnY2szWmdGZHBkU3lQRkdVdGYxbHk4TTAwMkt3ZHY2VTF2R0xhTFh4QV9ieVBJMDEzMXBXdUlVZGRncE3SAYQBQVVfeXFMTUVRQ1kzQW1sY1Z2VHl6NUgzbW5VUmVUR2NDbk53QlJoaFJ1aExTZmY4dTBvUHpMODZaS2ZuWXE1U0dHdkVnOUltZVVBZjItOEhoUC13ZVhublBhOGx6el9BQ0VtZkY5RFNYSWZTRVRkN2hSNVJiNDFKVFFuUm1ZR1k3NE51?oc=5,CNBC,Brent posts biggest monthly decline since March 2020 as traders monitor U.S.-Iran talks - CNBC,Matched public news query: crude oil trading WTI,54,public_news_signal_no_contact_data,"Gold, silver and oil CFD sample feed","Review source, identify author/company/channel, then enrich only through lawful public or vendor sources"
RSS-2026-07-06-crypto-futures-analyst-warns-70-million-in-bitcoin-longs-face-risk-if-price-hits-50-000,2026-07-06,2026-07-01T15:26:01.000Z,cooling_7d,Public News Intent Signal,Crypto Futures,Global,English,Google News RSS public search,https://news.google.com/rss/articles/CBMisgFBVV95cUxObDNhZ01DNzNhY3RSRGJpVUNLUXdSNXE0SDV3WThaV0w4T2g3SU9EYXFVOXNpczJoWmdOS1g3VGJ5d0hLNEtoNTR3TnJ0T181TjR1U1FxM1ZKeTlzY19MNFNBUzhCTDg0dmxRVXEwTVRpeHpmS19ralZnRFpUU0g3d3pEWGl0N1JqdFJ5Uk5lb2FNTGFiT1FXbTVYdzBVb2R3VVV1UFkxY0JWTFA0cEh6alpB?oc=5,thestreet.com,"Analyst warns $70 million in Bitcoin longs face risk if price hits $50,000 - thestreet.com",Matched public news query: bitcoin liquidation,54,public_news_signal_no_contact_data,Crypto futures demo and exchange affiliate offer,"Review source, identify author/company/channel, then enrich only through lawful public or vendor sources"
RSS-2026-07-06-crypto-futures-over-245-million-liquidated-btc-accounts-for-165-million-in-losses-moomo,2026-07-06,2026-07-01T08:13:01.000Z,cooling_7d,Public News Intent Signal,Crypto Futures,Global,English,Google News RSS public search,https://news.google.com/rss/articles/CBMiowFBVV95cUxNbExzNnl0SzNUZDVPaS14aHJqNHZweDc1c1RsTkNYblBKeUE3dm9rY1B5am0wTVkyQWFhRC1JUENPV1Q1c2h5Um0zUnJ0QkRXWTNoTHcyMDBLYW9pbUd2eHpadmxCeTZWazVRbE1sUFRVbjRlUi05blVzQWJicDBtWmswRnA3VzJfNHA4bTB4ck1UZXVvMXEyb2VEUHE2WHB0MWZR?oc=5,Moomoo,Over $245 million liquidated: BTC accounts for $165 million in losses - Moomoo,Matched public news query: bitcoin liquidation,54,public_news_signal_no_contact_data,Crypto futures demo and exchange affiliate offer,"Review source, identify author/company/channel, then enrich only through lawful public or vendor sources"
RSS-2026-07-06-stocks-options-the-new-york-stock-exchange-nyse-nyse,2026-07-06,2026-07-03T02:00:00.000Z,cooling_7d,Public News Intent Signal,Stocks / Options,Global,English,Google News RSS public search,https://news.google.com/rss/articles/CBMiP0FVX3lxTE93UWVlU3g1TVNpdTNEcjI2Yk9kSHU2Tnh5Y0stVFBGRWVkLW9wbU1EbHhQaHdIOE56d2V5NXVhSQ?oc=5,NYSE,The New York Stock Exchange | NYSE - NYSE,Matched public news query: stock trading app,54,public_news_signal_no_contact_data,Stock broker comparison and signup flow,"Review source, identify author/company/channel, then enrich only through lawful public or vendor sources"
RSS-2026-07-06-stocks-options-an-analyst-called-spacex-s-valuation-catastrophic-options-traders-are-be,2026-07-06,2026-07-02T19:36:35.000Z,cooling_7d,Public News Intent Signal,Stocks / Options,Global,English,Google News RSS public search,https://news.google.com/rss/articles/CBMizwFBVV95cUxPaXAzWF9vT0FCZmxZNDZJZS05eDdNeElCYndnR1AxMWQwaVFTSEJudUFwaU5wbGs1VzlWN2drNXZyV0c3N2k0Rk1uNFo4bExkcHI0QXNRU29ZWXVyaUMwMGJKd0oxR0tXYlVTdnFyY21CX0tUNmtDYi1kYkxUaHAtU1VFbzhQRUhONnNfdEhMeFN2X2c3VDVwYWJmeUktZG5GdDgteW4zcGxMWUtITG5JQ2ZhU011STc4NGc5ZDhKdUc0X0lKM2FqNU9TT1ctM1U?oc=5,24/7 Wall St.,An Analyst Called SpaceX's Valuation 'Catastrophic.' Options Traders Are Betting the Other Way - 24/7 Wall St.,Matched public news query: Nasdaq options trading,54,public_news_signal_no_contact_data,Stock broker comparison and signup flow,"Review source, identify author/company/channel, then enrich only through lawful public or vendor sources"
RSS-2026-07-06-stocks-options-big-short-s-michael-burry-discloses-new-tesla-tsla-position-electrek,2026-07-06,2026-06-30T20:24:00.000Z,cooling_7d,Public News Intent Signal,Stocks / Options,Global,English,Google News RSS public search,https://news.google.com/rss/articles/CBMibkFVX3lxTE1KNVZEMHVGVUU5ekQ2clk2NUw4b1JpRnpzYU5Sa1R2UUtTVnBXdnBBdFcxQmFFMFJRY0xTUHMtTHpWc2xmUU50UWV1cjZvUTZxRUprOFpSb042cVNUNFd0ODJuakdHb2VNRExzb1FB?oc=5,Electrek,Big Short’s Michael Burry discloses new Tesla (TSLA) position - Electrek,Matched public news query: NVDA TSLA trading,54,public_news_signal_no_contact_data,Stock broker comparison and signup flow,"Review source, identify author/company/channel, then enrich only through lawful public or vendor sources"
RSS-2026-07-06-fx-mt4-mt5-skyriss-explains-why-spreads-slippage-and-execution-quality-matter-for-f,2026-07-06,2026-06-03T07:00:00.000Z,stale,Public News Intent Signal,FX,Global,English,Google News RSS public search,https://news.google.com/rss/articles/CBMi0wFBVV95cUxPQUVqOUNXVXdzNl9ETHBpbzZSTGdGX1BzbTVYTlhZX0RLVmZUSVgtaXVWeGNLVkFscmhKWnRoc3FkZmpKdHhIUlZTeHgxTzREQUlIS2stZVN1MmxidEJaZHVYTl9GWXdhNng1MHR4RHNuY0Q4Ynpzc0VqMjhIOURKNXFiaXpKbnN0aEpBU0ZiN2ZOMlVGSGNOMkpXNkFxc1BYdnpGN1Z1N1BrbFY4cGN6VmdfVC1hX3VqQW5ybEFWYXVpTktXMl9MVGE1eWRaZmoyYmpR?oc=5,FinSMEs,"Skyriss Explains Why Spreads, Slippage and Execution Quality Matter for Forex and CFD Traders in 2026 - FinSMEs",Matched public news query: forex broker MT5,48,public_news_signal_no_contact_data,MT5 demo account onboarding,"Review source, identify author/company/channel, then enrich only through lawful public or vendor sources"
RSS-2026-07-06-fx-mt4-mt5-ebc-review-2026-investing-com,2026-07-06,2026-06-21T07:00:00.000Z,stale,Public News Intent Signal,FX,Global,English,Google News RSS public search,https://news.google.com/rss/articles/CBMiWkFVX3lxTE1Fem5ZTURLSnAzQ0t1MW1RNmlVRzBFVm1pRUxuTEMxUFI2TnNzTGNNNEJWZnoyR2lXVkNxTGN3eVphMXA5Z1I5b3UzTWRWbHFXdDhpeG1ZX0JfUQ?oc=5,Investing.com,EBC Review 2026 - Investing.com,Matched public news query: low spread forex broker,48,public_news_signal_no_contact_data,MT5 demo account onboarding,"Review source, identify author/company/channel, then enrich only through lawful public or vendor sources"
RSS-2026-07-06-gold-silver-oil-how-high-can-silver-go-this-new-xag-usd-price-prediction-shows-39-upside,2026-07-06,2026-06-18T07:00:00.000Z,stale,Public News Intent Signal,Metals / Energy CFD,Global,English,Google News RSS public search,https://news.google.com/rss/articles/CBMiyAFBVV95cUxOQVM3YXJNQWVtNm9acjB4RjBkVjVqUFRkb0RsLXJBdGN3b1NZbnpETTA5MmRheGFCT2dvUElCWElOdVJhbzd3b2hueXF6a3VNMWJoRzBYTFV3Z0ZBamtOZ1gwWE1GcnlpQXBTMjIxRHRxOV9aTDZaaV82Q0lPMW43YkhTWWJOdG0tOFhySHBrd05oZDh5N3ZmbVU4WjNrcDFWVXpmcGp5aFdzQWpCdm1fZkVuc1J0NzRxODVyM2lBYlEyV0xIOXYxeQ?oc=5,Finance Magnates,How High Can Silver Go? This New XAG/USD Price Prediction Shows 39% Upside Potential to $96 - Finance Magnates,Matched public news query: silver trading XAGUSD,48,public_news_signal_no_contact_data,"Gold, silver and oil CFD sample feed","Review source, identify author/company/channel, then enrich only through lawful public or vendor sources"
RSS-2026-07-06-gold-silver-oil-silver-analysis-can-xag-usd-hold-above-the-85-level-forex-com,2026-07-06,2026-05-12T07:00:00.000Z,stale,Public News Intent Signal,Metals / Energy CFD,Global,English,Google News RSS public search,https://news.google.com/rss/articles/CBMingFBVV95cUxNZldpSVd1OWN0N0VhT2NLdXVSLVM1N2Z4dXdaSGR0NlpCV19YUGlEX0oxQVltM2p3bkV5NERsVElWYUxuekNMUEVYSWNBc19BbGttb0lSUm1jMF9WUU9ab1BVUVhkRG9URlZhTUV6eHVwRzNHdjBFWC1Odmp3OTdVampmTDlIRTF4ZlF3bDNablZDOU9ISzVOVEc4aTVCZ9IBqgFBVV95cUxPVTM2bXJ2UFcyd1dVOU5WVjhpSGNIanlCSXFnY2R4WWpOWHlVUE5VZzVnVjBBSFVmaFd1YmQ5Mndqc3lHRkduNk1DOUJZd2RaenFOQURmS19aZDBldGVINEtCRXF3LU5UeWZHSUJOVUtlS3Q5ejNqczdzZWdiamRHWVJUekNaTzJ2b3NMbXpfVWZGdngySF9LU29GRXJuYWRkNHl6UTNmUVJNdw?oc=5,FOREX.com,Silver Analysis: Can XAG/USD hold above the $85 level? - FOREX.com,Matched public news query: silver trading XAGUSD,48,public_news_signal_no_contact_data,"Gold, silver and oil CFD sample feed","Review source, identify author/company/channel, then enrich only through lawful public or vendor sources"
RSS-2026-07-06-gold-silver-oil-silver-xag-usd-price-forecast-long-term-support-faces-critical-test-fxem,2026-07-06,2026-06-22T21:08:00.000Z,stale,Public News Intent Signal,Metals / Energy CFD,Global,English,Google News RSS public search,https://news.google.com/rss/articles/CBMiugFBVV95cUxNcVJ4YXlHVG5RRlk3V0JJc2pjaDROOTZ0MDV0NHY5M096NUVWRTJuUVh0WF9pR1FzNkpScTg3Z3lKZkJvYWduZ1RSclByR3cxcFZPVXNfY2MybVlTbHVtZlZ5QU9NclRCVkZ3WlFzV0dDUDJtSUhsMnVESkh5WnoweDlWbGFDaEUwaW9VMDgzdTFZQ3lDR0RRcFpuUmVGTDVxbDY2M1J0a0pfVno3RkVXX0N5Q0xFM2lqbGc?oc=5,FXEmpire,Silver (XAG/USD) Price Forecast: Long-Term Support Faces Critical Test - FXEmpire,Matched public news query: silver trading XAGUSD,48,public_news_signal_no_contact_data,"Gold, silver and oil CFD sample feed","Review source, identify author/company/channel, then enrich only through lawful public or vendor sources"
RSS-2026-07-06-gold-silver-oil-silver-price-forecast-xag-usd-clings-to-200-day-sma-as-fed-takes-center-,2026-07-06,2026-06-16T07:00:00.000Z,stale,Public News Intent Signal,Metals / Energy CFD,Global,English,Google News RSS public search,https://news.google.com/rss/articles/CBMivAFBVV95cUxOanNud0M5YVpTSDlWdXY1MUN1Z0doVk1ZRVJHaTlxVVlnMnlmVHFfUDAwTzMtOGE0M0tUMklLM0pXbG1TeHIxYXpsSFJhZlNiaFItOUY2Xzd3eTNFNmxqSWFMbjFQT0RyaU5UTTFPU3NMQ09wdHAxMGtjS1dlakJDeVFHdjYzX2pZdjREaUNuQlMxc0hqdlFuM3N1SGxiVWZXZmg2UWszVWRBWk1LaFpXZURHM3FQYzZJalRBMg?oc=5,FXStreet,Silver Price Forecast: XAG/USD clings to 200-day SMA as Fed takes center stage - FXStreet,Matched public news query: silver trading XAGUSD,48,public_news_signal_no_contact_data,"Gold, silver and oil CFD sample feed","Review source, identify author/company/channel, then enrich only through lawful public or vendor sources"
RSS-2026-07-06-gold-silver-oil-silver-xag-usd-is-under-pressure-from-ceasefire-clouds-in-depth-analysis,2026-07-06,2026-04-23T07:00:00.000Z,stale,Public News Intent Signal,Metals / Energy CFD,Global,English,Google News RSS public search,https://news.google.com/rss/articles/CBMigAFBVV95cUxNbi1qaWpsTHRtMy0zc3FkWnpfNE0tX3A4MWk4VmJvaHJMdm9zUmJPeEdZOWVYdTFNdmpXbjBBU1kzY3RDcUJPdHgzZVp0ZHJGYmhrRnB5TEVMSHlMRVZWRXBuZ2FUMlR6OFJ5ckg3RnVRSVZxX183RjB2OGxvNFZEOQ?oc=5,marketpulse.com,Silver (XAG/USD) is under pressure from Ceasefire clouds – In-depth analysis - marketpulse.com,Matched public news query: silver trading XAGUSD,48,public_news_signal_no_contact_data,"Gold, silver and oil CFD sample feed","Review source, identify author/company/channel, then enrich only through lawful public or vendor sources"
RSS-2026-07-06-crypto-futures-michael-saylor-s-bitcoin-treasury-strategy-has-finally-hit-its-breaking-,2026-07-06,2026-06-28T12:17:16.000Z,stale,Public News Intent Signal,Crypto Futures,Global,English,Google News RSS public search,https://news.google.com/rss/articles/CBMiqAFBVV95cUxOSTBxYk9pRmZPWTFaSS1Zd1VJYTdpeElNTjNIVkM5amxzY29qRlpEc3QxNGUza0c5WFNRajdhcWJwRUtaOF9VMzVfU1k1MVRacnJvZzh0cldFam9zczlneHNjWDhXaXJFMlVqRVU1U1BTNk5WS0g4QjVTU09XX1RfOFpzZlRwbmk2VmhOYUwydTNfYTI4cjJ0dmM1SlJJd1RsQlMtUzdya3M?oc=5,Yahoo Finance,Michael Saylor’s Bitcoin Treasury Strategy Has Finally Hit Its Breaking Point - Yahoo Finance,Matched public news query: bitcoin liquidation,48,public_news_signal_no_contact_data,Crypto futures demo and exchange affiliate offer,"Review source, identify author/company/channel, then enrich only through lawful public or vendor sources"
RSS-2026-07-06-crypto-futures-the-cftc-has-sparked-a-potential-revolution-on-wall-street-exchange-stoc,2026-07-06,2026-06-02T07:00:00.000Z,stale,Public News Intent Signal,Crypto Futures,Global,English,Google News RSS public search,https://news.google.com/rss/articles/CBMiwgFBVV95cUxNUTBkUDdvSl93R0ZYbm55WnhJWm5tS0tmcjcwTzVwSzAxbzR0QWtNNzBXbTY4elJKTUZaV1Z2YXBEcTJWLURlXy1wdVNYS3lfMWhybmp3Y1VIVHVKY0FzNkl6VzVCQ05NNExGZ2NBX09XVFJ2RHp6X1JYSEtkNFBfR1FXczlndXFBdC1NN21yNExvM0lFcUwxMkR6d2xnSFF1U2pHd0tjb2VwUXBmMndHc1VmNndfR3BZZVhOcWJEVTh4d9IBxwFBVV95cUxOWlVOUHRORVRkT0NvSGs3N1VudTYzRjRqU3Bfb1JRaFhxMXUwenBiWE1oZDZKWTRfZFA4VUo1XzdEWU5GeUhoQnhYSm14QXQ3ZHB1WkNQX2hSN21UWmxTQjdxRlR0UFJiRF9ld3FMdWxSSXhkS2lfMXI0c09UUllKbEEyZk9OREVuSUNKQjNSdUh1aWxtU2lDYXpvMTFkaFRtd0lmM1ZITmItMzBicW5Fc0t3dVJwT1NfTWVoVDlxSkQ4eWZ6ZzJn?oc=5,CNBC,The CFTC has sparked a potential revolution on Wall Street. Exchange stocks are dropping - CNBC,Matched public news query: perp trading exchange,48,public_news_signal_no_contact_data,Crypto futures demo and exchange affiliate offer,"Review source, identify author/company/channel, then enrich only through lawful public or vendor sources"
RSS-2026-07-06-stocks-options-godfather-of-options-sees-spacex-surpassing-nvidia-tesla-as-early-trades,2026-07-06,2026-06-16T07:00:00.000Z,stale,Public News Intent Signal,Stocks / Options,Global,English,Google News RSS public search,https://news.google.com/rss/articles/CBMiuAFBVV95cUxPeHR5SWFwSnpjQmV0MVNHSkVzbm5GYkpsOEt4N2NxQmZqV1MxbEdpX282VnFKRXZKWGdZaDlTNEo0RU1DYzhSSlJxZmhONDQ2RWRwb1Y3Tlh5RHgtWDNhNWdyU19WUFYyRkl5cHI1Ml9VS3hpRHJiVVhLRmlxUWk1dl9WaURjQXdWNFhqVEpMVFUydDdHZVBoUmJ4WUlyem9JdTZoTWNEdl84eV9nRXBkdUVsbmo4SndF0gG-AUFVX3lxTFBjcEotUXJjQno3WVhlNmR1blZQTWE2RkIyR184ZzZZeWl5QUNzLW0tZXRnSGJHZnFXbWpHaWNJTFlBMkZjejUzRXNPRzI5ZUhwck4xczhidHJkMzZDLW1HZUlhTnJXTnVONmpvYXdGM1Rja1dSUHNfdm5Jak9FdlVMZXlnSEhhdnc0Z3E0bzZncVI5bFZEWWkwRDB1Mjk4bjFkcU5CRnFfamJUVFpsb1UzTVJsWlpJSEJLcEstTWc?oc=5,CNBC,"'Godfather' of options sees SpaceX surpassing Nvidia, Tesla as early trades come in - CNBC",Matched public news query: NVDA TSLA trading,48,public_news_signal_no_contact_data,Stock broker comparison and signup flow,"Review source, identify author/company/channel, then enrich only through lawful public or vendor sources"
RSS-2026-07-06-stocks-options-nvidia-tesla-lead-tech-stocks-lower-as-trump-trade-war-threats-rattle-ma,2026-07-06,2026-01-20T08:00:00.000Z,stale,Public News Intent Signal,Stocks / Options,Global,English,Google News RSS public search,https://news.google.com/rss/articles/CBMivwFBVV95cUxNNkVpOE5zbEpqdkgzT0ZEbHpFTDZQcW1sYVFCM181TVBaX1ZmQTVHNlRpU2dYWnliRTJYZzd3ODNkZWdBQmwyYlF2NWl4bHgxdlE5NFNTNjRxNS1xUmJOSWNVRnpCY19pLVRxaklnMEdZLU1Wb1E3Q1FveEpGeVRCbHQxOGdHM0NOcDFKUjNqbEdLY1FmTXA0a0tHbm0zMFVhUVNYNDNLYkZuYUVGVHdsbld1Tm8tRnlGNDd4YjMxTQ?oc=5,Yahoo Finance,"Nvidia, Tesla lead tech stocks lower as Trump trade war threats rattle market - Yahoo Finance",Matched public news query: NVDA TSLA trading,48,public_news_signal_no_contact_data,Stock broker comparison and signup flow,"Review source, identify author/company/channel, then enrich only through lawful public or vendor sources"
RSS-2026-07-06-stocks-options-long-elon-short-jensen-research-firm-says-retail-traders-are-flocking-ba,2026-07-06,2026-04-15T07:00:00.000Z,stale,Public News Intent Signal,Stocks / Options,Global,English,Google News RSS public search,https://news.google.com/rss/articles/CBMilwFBVV95cUxQOWxZYmtJdHRCZmFza3hFU0RGN09lYXlFUUlQZ25RN25yZFQtSzJDLXZsTWliVktUdDVGam1HeldYN3JBSzFLc3I0VzB1b0c3QWJhNjU5bWN1cE5fUnVSR2RKdFIyQ2dQUkdiOUEyckdpYTFXYkhLVWJyY0p2UVdMQUFvOHRxTFgwOFBodS1Bc1FQR0Z1a0ZV?oc=5,Business Insider,"Long Elon, short Jensen: Research firm says retail traders are flocking back to Tesla and pivoting from Nvidia - Business Insider",Matched public news query: NVDA TSLA trading,48,public_news_signal_no_contact_data,Stock broker comparison and signup flow,"Review source, identify author/company/channel, then enrich only through lawful public or vendor sources"
RSS-2026-07-06-stocks-options-micron-has-unseated-nvidia-and-tesla-as-the-market-s-most-heavily-traded,2026-07-06,2026-05-14T07:00:00.000Z,stale,Public News Intent Signal,Stocks / Options,Global,English,Google News RSS public search,https://news.google.com/rss/articles/CBMirAFBVV95cUxPM0FGNzRrclNNQVVGaDBIY3BEWndVTGRKeWdFdVlJd21Gc0UzSHZzbTlBeTlyRi1HLVMtTUc0TS1lV2RmXzVTaEpFRnFRSW84aEVvUGZJOXc2WFlkUTJvNmVKZlRYRFhCdVp1VmFwUnhlSFdfUGctSG8wRU1RR0hUQVdYMVhzRWJwZUREQkVFSGwzcmRQbm56VEkyZVJIM2lKQzQwT3hpakU4ZnJp?oc=5,Sherwood News,Micron has unseated Nvidia and Tesla as the market’s most heavily traded stock - Sherwood News,Matched public news query: NVDA TSLA trading,48,public_news_signal_no_contact_data,Stock broker comparison and signup flow,"Review source, identify author/company/channel, then enrich only through lawful public or vendor sources"
RSS-2026-07-06-affiliate-ib-how-the-uae-is-becoming-a-global-hub-for-forex-education-intlbm,2026-07-06,2026-04-07T07:00:00.000Z,stale,Public News Intent Signal,Affiliate / IB,Global,English,Google News RSS public search,https://news.google.com/rss/articles/CBMikAFBVV95cUxOdlF3SzFiSGpwaEowemZOMTJUTl80T1BGSVVMM095NlVFZGRnZGZOT1FEcTc0UUEzX2VBMXF5bkhuUEJaT1lLVHhic1hIX1d6eFY1UllCbTlSa0NMRkduNG9NNE13cWtEMENHRFBMdDZsME1LTWZVZlk2UVV5cWR2Z3F6TnNwLTRxWnZDaFpBR0w?oc=5,intlbm,How the UAE Is Becoming a Global Hub for Forex Education - intlbm,Matched public news query: forex trading educator,48,public_news_signal_no_contact_data,IB and affiliate partnership proposal,"Review source, identify author/company/channel, then enrich only through lawful public or vendor sources"
RSS-2026-07-06-affiliate-ib-the-forex-complex-reviews-what-traders-should-know-about-tfxc-signals-an,2026-07-06,2026-06-25T07:00:00.000Z,stale,Public News Intent Signal,Affiliate / IB,Global,English,Google News RSS public search,https://news.google.com/rss/articles/CBMixgFBVV95cUxNaGtwRjI2X0R5aWE4bmVWQURuZTR0aWJDR2J6QmUtMUZmdDhKMjlNbFk3OEhtWEZpVG91aFpHN1hPTmJUVGRCTjMwWG50VExWc1A1WllUM0RFWnVDRjVEOEdYTE1YNUNqdWJaX194SEQ1ZXdvbnU1Vi1jOFUyX0ZyU0JaZ1JQdml6ZlhFdHBzaEpQc0NNNTNycGxqd01BOThieVp2NWdGc2xRVWhZU3BwOG5sVkFKX1hodUZZWWRTQ3lvRmdmVUE?oc=5,The Coin Republic,The Forex Complex Reviews: What Traders Should Know About TFXC Signals and Education - The Coin Republic,Matched public news query: forex trading educator,48,public_news_signal_no_contact_data,IB and affiliate partnership proposal,"Review source, identify author/company/channel, then enrich only through lawful public or vendor sources"
RSS-2026-07-06-affiliate-ib-white-hat-zone-expands-forex-education-for-beginners-with-vetted-strateg,2026-07-06,2025-12-18T08:00:00.000Z,stale,Public News Intent Signal,Affiliate / IB,Global,English,Google News RSS public search,https://news.google.com/rss/articles/CBMi6gFBVV95cUxNVXptUEZSeUtyZzJiNVBBVnpxYmF4RlpGM1FJR1I2RnFXRjRxbFdZeHFLUFl0SnFNOHY2OXp4d3FpeWMyNVlmRWNTMzA5SmdFS0cwVFZ0b3hSRUlpaHplUVpVQU9xUmUxcndKZTY2RjB6Nm04WkpNeGg5NENGc3dybG0yTG13WmtubVAtRVF6M0x3VGhfaXNwcmtFTHlWcmZ6Tkk1SW82VlhuVTZWb1dRX1FqUWlXdFZxdFNuSnNhOTNDVlNQN3BvVkRsNlc2b0hiMXplWHVBYlZ4SlFLNElDS0Y4Z1hib2JERXc?oc=5,Scott Coop,White Hat Zone Expands Forex Education For Beginners With Vetted Strategies - Scott Coop,Matched public news query: forex trading educator,48,public_news_signal_no_contact_data,IB and affiliate partnership proposal,"Review source, identify author/company/channel, then enrich only through lawful public or vendor sources"
RSS-2026-07-06-affiliate-ib-how-hfm-s-education-programmes-are-training-the-next-generation-of-forex,2026-07-06,2025-11-18T07:26:57.000Z,stale,Public News Intent Signal,Affiliate / IB,Global,English,Google News RSS public search,https://news.google.com/rss/articles/CBMioAFBVV95cUxOYUFCYjhHOU5NbklpRkdIdE5BdTcxMnVOdHlDelJYLUJIV0NQaEEzZHMtRHZHMWlBcDBXdjRsMms0UG0zckc0WVpqQ0ZvTTNzSURBRHJIUHBxcGM2dnEtTWhjdXZyN1NyTk9XNDZPM1E3SzJ0U1dVQnBpMUQ0aDdhV0Q4UHdONUpoZzc2cDVIbjlmUDdKTkZaUC03bGNoTFZ0?oc=5,Daily Nation,How HFM’s education programmes are training the next generation of forex traders - Daily Nation,Matched public news query: forex trading educator,48,public_news_signal_no_contact_data,IB and affiliate partnership proposal,"Review source, identify author/company/channel, then enrich only through lawful public or vendor sources"
RSS-2026-07-06-affiliate-ib-free-forex-trade-alerts-telegram-groups-2026-leading-communities-reviewe,2026-07-06,2026-06-11T07:00:00.000Z,stale,Public News Intent Signal,Affiliate / IB,Global,English,Google News RSS public search,https://news.google.com/rss/articles/CBMinAFBVV95cUxOSU0yOFh6djFNYXpaR0NnOElNT0N6YTVQdEVoc3R4dm9wRXlDVS1wUHkzTTNzUVNROWg1WTdLT3VvTTc1ZW03dWxjZ0RjUjdiQ0JHVVNiV2dkYjZ5VkR6emR2dnlRbHlFUkpfRWwzTTBEODRRcVFmTThBZl9nd2tuR2Y0elNuU0U1eTFQZlA1eTBPZWZMUVg2cXJodTc?oc=5,NFT Plazas,Free Forex Trade Alerts Telegram Groups 2026: Leading Communities Reviewed - NFT Plazas,Matched public news query: trading signals group,48,public_news_signal_no_contact_data,IB and affiliate partnership proposal,"Review source, identify author/company/channel, then enrich only through lawful public or vendor sources"
RSS-2026-07-06-affiliate-ib-9-best-forex-signals-telegram-channels-in-2026-tested-ranked-dailyforex,2026-07-06,2026-06-11T07:00:00.000Z,stale,Public News Intent Signal,Affiliate / IB,Global,English,Google News RSS public search,https://news.google.com/rss/articles/CBMiuwFBVV95cUxNd0JGdUVqNnVFdTJBRlFqeFQ4OW1ueThNeFMySkZYelpFeTFBdjlvd09HUmR1azRqanVFN0M3QXAzVlo3eWZxaTdZZTZ2VXRtbUVuV2JpVGNhMnNfQ2ZNQUloNll3VGM1bG5RUnc1cEZyTFF0YlZSRHJONzBqY3dURVF3Tk5relg1b2JCYnFWbDdiNzk3TjNtZ0g3bDMxdHFmakZOWVRrVW5qMVoxVy0wdjRuQ3JfUjNoV3hF?oc=5,DailyForex,9 Best Forex Signals Telegram Channels in 2026 | Tested & Ranked - DailyForex,Matched public news query: trading signals group,48,public_news_signal_no_contact_data,IB and affiliate partnership proposal,"Review source, identify author/company/channel, then enrich only through lawful public or vendor sources"
